Y_index,Y_hat_index,Y_unlabeled_index
"[    0    43   149   191   260   266   269   497   649   671   694   753
   759   776   781   795   991  1014  1126  1241  1343  1398  1410  1441
  1446  1450  1468  1469  1478  1513  1576  1604  1612  1632  1686  1699
  1764  1987  2177  2189  2263  2410  2507  2790  2807  2841  2916  2973
  3056  3100  3175  3339  3495  3504  3532  3701  3794  4020  4047  4098
  4110  4281  4295  4400  4413  4477  4523  4657  4756  4757  4769  4786
  4829  4858  4871  5091  5113  5159  5182  5224  5290  5336  5405  5618
  5621  5675  5732  6081  6097  6233  6273  6305  6317  6336  6349  6422
  6466  6512  6586  6747  6758  6760  6867  6889  6920  6987  7106  7155
  7171  7275  7453  7482  7494  7574  7701  7798  7848  7919  7964  8032
  8050  8068  8144  8145  8168  8201  8249  8336  8364  8487  8523  8953
  8975  9004  9005  9040  9088  9095  9413  9431  9458  9547  9600  9625
  9708  9768  9820  9834 10000 10076]","[    0    43   149   191   260   266   269   497   649   671   694   753
   759   776   781   795   991  1014  1126  1241  1343  1398  1410  1441
  1446  1450  1468  1469  1478  1513  1576  1604  1612  1632  1686  1699
  1764  1987  2177  2189  2263  2410  2507  2790  2807  2841  2916  2973
  3056  3100  3175  3339  3495  3504  3532  3701  3794  4020  4047  4098
  4110  4281  4295  4400  4413  4477  4523  4657  4756  4757  4769  4786
  4829  4858  4871  5091  5113  5159  5182  5224  5290  5336  5405  5618
  5621  5675  5732  6081  6097  6233  6273  6305  6317  6336  6349  6422
  6466  6512  6586  6747  6758  6760  6867  6889  6920  6987  7106  7155
  7171  7275  7453  7482  7494  7574  7701  7798  7848  7919  7964  8032
  8050  8068  8144  8145  8168  8201  8249  8336  8364  8487  8523  8953
  8975  9004  9005  9040  9088  9095  9413  9431  9458  9547  9600  9625
  9708  9768  9820  9834 10000 10076]",[    1     2     3 ... 10277 10279 10280]
"[   31   233   269   301   302   374   380   409   556   559   574   608
   627   683   694   715   903   945   970   974  1147  1182  1296  1357
  1405  1535  1774  1851  1944  2048  2054  2114  2269  2280  2311  2334
  2466  2498  2515  2529  2554  2674  3016  3081  3098  3138  3197  3200
  3255  3505  3597  3605  3620  3891  4012  4113  4347  4368  4380  4477
  4526  4819  4850  4932  4933  4965  5037  5040  5107  5188  5200  5211
  5308  5352  5403  5431  5439  5457  5671  5706  5828  5844  5940  5971
  6050  6119  6130  6135  6145  6396  6421  6575  6591  6689  6776  6851
  6919  6976  7048  7079  7091  7133  7184  7195  7313  7326  7359  7432
  7448  7469  7523  7573  7713  7768  7837  7985  8042  8230  8503  8518
  8645  8874  8919  8938  8958  9014  9058  9151  9156  9231  9244  9343
  9355  9373  9377  9400  9567  9596  9659  9698  9761  9770  9790  9804
  9993  9996 10147 10154 10199 10236]","[   31   233   269   301   302   374   380   409   556   559   574   608
   627   683   694   715   903   945   970   974  1147  1182  1296  1357
  1405  1535  1774  1851  1944  2048  2054  2114  2269  2280  2311  2334
  2466  2498  2515  2529  2554  2674  3016  3081  3098  3138  3197  3200
  3255  3505  3597  3605  3620  3891  4012  4113  4347  4368  4380  4477
  4526  4819  4850  4932  4933  4965  5037  5040  5107  5188  5200  5211
  5308  5352  5403  5431  5439  5457  5671  5706  5828  5844  5940  5971
  6050  6119  6130  6135  6145  6396  6421  6575  6591  6689  6776  6851
  6919  6976  7048  7079  7091  7133  7184  7195  7313  7326  7359  7432
  7448  7469  7523  7573  7713  7768  7837  7985  8042  8230  8503  8518
  8645  8874  8919  8938  8958  9014  9058  9151  9156  9231  9244  9343
  9355  9373  9377  9400  9567  9596  9659  9698  9761  9770  9790  9804
  9993  9996 10147 10154 10199 10236]",[    1     2     4 ... 10277 10278 10279]
"[   17   134   325   382   426   481   690   762   891   896   948   960
   986  1033  1057  1198  1292  1334  1373  1538  1576  1590  1774  1836
  2032  2256  2261  2276  2283  2428  2559  2593  2617  2634  2683  2764
  2827  2940  3010  3081  3191  3232  3239  3313  3350  3380  3483  3637
  3665  3725  3751  3892  3949  3986  4115  4207  4257  4377  4420  4525
  4547  4617  4650  4703  4755  4759  4779  4811  4941  5082  5177  5391
  5431  5485  5513  5577  5579  5592  5784  6053  6081  6091  6094  6132
  6140  6227  6315  6330  6358  6366  6388  6421  6454  6473  6485  6493
  6511  6538  6728  6857  7207  7264  7321  7414  7464  7474  7493  7578
  7597  7600  7614  7669  7738  7764  7786  7961  8031  8110  8235  8247
  8385  8394  8445  8504  8574  8656  8715  8859  8882  8942  8947  8975
  9110  9153  9255  9259  9329  9339  9395  9408  9457  9647  9872  9911
  9925  9971 10055 10094 10153 10164]","[   17   134   325   382   426   481   690   762   891   896   948   960
   986  1033  1057  1198  1292  1334  1373  1538  1576  1590  1774  1836
  2032  2256  2261  2276  2283  2428  2559  2593  2617  2634  2683  2764
  2827  2940  3010  3081  3191  3232  3239  3313  3350  3380  3483  3637
  3665  3725  3751  3892  3949  3986  4115  4207  4257  4377  4420  4525
  4547  4617  4650  4703  4755  4759  4779  4811  4941  5082  5177  5391
  5431  5485  5513  5577  5579  5592  5784  6053  6081  6091  6094  6132
  6140  6227  6315  6330  6358  6366  6388  6421  6454  6473  6485  6493
  6511  6538  6728  6857  7207  7264  7321  7414  7464  7474  7493  7578
  7597  7600  7614  7669  7738  7764  7786  7961  8031  8110  8235  8247
  8385  8394  8445  8504  8574  8656  8715  8859  8882  8942  8947  8975
  9110  9153  9255  9259  9329  9339  9395  9408  9457  9647  9872  9911
  9925  9971 10055 10094 10153 10164]",[    0     1     2 ... 10278 10279 10280]
"[   12    22    28    79   133   223   272   287   295   299   376   442
   446   567   625   794   859   886   957  1086  1227  1262  1419  1441
  1528  1706  1804  1870  1973  2429  2625  2647  2715  2776  2802  2821
  2826  2858  2927  2931  2975  3107  3160  3206  3251  3312  3319  3363
  3469  3503  3534  3551  3553  3623  3669  3757  3850  3864  4031  4154
  4266  4391  4420  4657  4658  4672  4786  4903  4917  4959  5081  5148
  5278  5307  5326  5359  5396  5423  5461  5565  5762  5818  5918  5961
  6007  6011  6047  6101  6215  6235  6408  6474  6485  6505  6651  6810
  6896  6899  6903  7002  7017  7236  7373  7513  7668  7759  7778  7782
  7795  7856  7875  7883  7949  8021  8072  8075  8143  8209  8243  8293
  8308  8341  8401  8430  8439  8448  8600  8683  8805  8901  8984  9026
  9145  9194  9291  9298  9311  9325  9446  9580  9624  9684  9691  9697
  9741  9801  9993 10070 10184 10217]","[   12    22    28    79   133   223   272   287   295   299   376   442
   446   567   625   794   859   886   957  1086  1227  1262  1419  1441
  1528  1706  1804  1870  1973  2429  2625  2647  2715  2776  2802  2821
  2826  2858  2927  2931  2975  3107  3160  3206  3251  3312  3319  3363
  3469  3503  3534  3551  3553  3623  3669  3757  3850  3864  4031  4154
  4266  4391  4420  4657  4658  4672  4786  4903  4917  4959  5081  5148
  5278  5307  5326  5359  5396  5423  5461  5565  5762  5818  5918  5961
  6007  6011  6047  6101  6215  6235  6408  6474  6485  6505  6651  6810
  6896  6899  6903  7002  7017  7236  7373  7513  7668  7759  7778  7782
  7795  7856  7875  7883  7949  8021  8072  8075  8143  8209  8243  8293
  8308  8341  8401  8430  8439  8448  8600  8683  8805  8901  8984  9026
  9145  9194  9291  9298  9311  9325  9446  9580  9624  9684  9691  9697
  9741  9801  9993 10070 10184 10217]",[    0     1     2 ... 10278 10279 10280]
"[   42    57    94   241   283   402   435   514   528   896   918   937
   990  1235  1288  1350  1356  1357  1365  1437  1481  1500  1538  1546
  1572  1578  1591  1600  1788  1814  1866  1892  2027  2204  2244  2261
  2290  2383  2403  2418  2615  2719  2738  2899  2935  2971  2991  3021
  3163  3199  3295  3306  3308  3389  3443  3466  3472  3513  3659  3713
  3721  3723  3788  3810  3940  4084  4305  4411  4418  4432  4951  5019
  5046  5108  5181  5368  5375  5390  5602  5693  5839  5843  5868  5909
  5924  5939  6224  6292  6304  6322  6443  6581  6665  6681  6725  6802
  6930  7001  7040  7062  7068  7129  7299  7303  7354  7403  7485  7487
  7491  7597  7731  7733  7742  7808  7850  7863  7864  8049  8083  8117
  8135  8188  8265  8310  8413  8415  8588  8666  8681  8744  8887  8967
  9055  9068  9074  9077  9146  9177  9226  9355  9387  9522  9559  9667
  9672  9851  9921  9934 10064 10086]","[   42    57    94   241   283   402   435   514   528   896   918   937
   990  1235  1288  1350  1356  1357  1365  1437  1481  1500  1538  1546
  1572  1578  1591  1600  1788  1814  1866  1892  2027  2204  2244  2261
  2290  2383  2403  2418  2615  2719  2738  2899  2935  2971  2991  3021
  3163  3199  3295  3306  3308  3389  3443  3466  3472  3513  3659  3713
  3721  3723  3788  3810  3940  4084  4305  4411  4418  4432  4951  5019
  5046  5108  5181  5368  5375  5390  5602  5693  5839  5843  5868  5909
  5924  5939  6224  6292  6304  6322  6443  6581  6665  6681  6725  6802
  6930  7001  7040  7062  7068  7129  7299  7303  7354  7403  7485  7487
  7491  7597  7731  7733  7742  7808  7850  7863  7864  8049  8083  8117
  8135  8188  8265  8310  8413  8415  8588  8666  8681  8744  8887  8967
  9055  9068  9074  9077  9146  9177  9226  9355  9387  9522  9559  9667
  9672  9851  9921  9934 10064 10086]",[    0     1     2 ... 10276 10278 10280]
"[   78   101   127   266   398   831   855   864   940   943   995  1022
  1078  1170  1306  1319  1515  1664  1749  1792  1794  1874  1986  2071
  2111  2152  2154  2200  2276  2381  2385  2427  2640  2725  2760  2784
  2818  2862  2872  2885  2923  2961  3157  3190  3193  3242  3311  3472
  3493  3574  3642  3652  3931  3944  3972  4048  4110  4178  4437  4440
  4458  4501  4502  4539  4562  4784  4922  4974  5022  5057  5068  5109
  5203  5347  5417  5549  5561  5639  5733  5793  5800  5968  6002  6029
  6083  6164  6217  6269  6284  6293  6298  6336  6359  6367  6403  6423
  6464  6556  6580  6639  6717  6729  6781  6794  7052  7078  7096  7129
  7195  7398  7409  7468  7488  7542  7623  7660  7776  8291  8325  8374
  8390  8407  8422  8700  8715  8748  8794  8847  8890  8903  8941  9097
  9123  9190  9208  9333  9374  9448  9510  9564  9615  9777  9848  9866
  9912  9977  9990 10059 10109 10280]","[   78   101   127   266   398   831   855   864   940   943   995  1022
  1078  1170  1306  1319  1515  1664  1749  1792  1794  1874  1986  2071
  2111  2152  2154  2200  2276  2381  2385  2427  2640  2725  2760  2784
  2818  2862  2872  2885  2923  2961  3157  3190  3193  3242  3311  3472
  3493  3574  3642  3652  3931  3944  3972  4048  4110  4178  4437  4440
  4458  4501  4502  4539  4562  4784  4922  4974  5022  5057  5068  5109
  5203  5347  5417  5549  5561  5639  5733  5793  5800  5968  6002  6029
  6083  6164  6217  6269  6284  6293  6298  6336  6359  6367  6403  6423
  6464  6556  6580  6639  6717  6729  6781  6794  7052  7078  7096  7129
  7195  7398  7409  7468  7488  7542  7623  7660  7776  8291  8325  8374
  8390  8407  8422  8700  8715  8748  8794  8847  8890  8903  8941  9097
  9123  9190  9208  9333  9374  9448  9510  9564  9615  9777  9848  9866
  9912  9977  9990 10059 10109 10280]",[    1     2     3 ... 10277 10278 10279]
"[   68    70    72   107   110   121   312   335   354   367   376   463
   649   738   786   826   892   941   959  1047  1137  1190  1253  1376
  1421  1508  1541  1596  1693  1702  1825  1841  1980  1981  2131  2215
  2465  2515  2516  2700  2713  2723  2752  2753  2755  2811  2859  2898
  2967  3032  3131  3227  3257  3526  3563  3608  3622  3644  3646  3681
  3783  3925  4008  4110  4135  4191  4250  4274  4313  4403  4478  4500
  4504  4518  4679  4687  4831  4911  5108  5110  5197  5480  5549  5653
  5682  5720  5743  5870  5871  6035  6045  6104  6127  6162  6173  6220
  6225  6228  6273  6280  6352  6377  6384  6429  6502  6590  6633  6675
  6696  6808  6809  6921  6922  6925  7167  7232  7252  7285  7410  7414
  7570  7689  7726  7843  7994  8014  8110  8142  8213  8305  8315  8330
  8446  8753  8884  9181  9258  9297  9353  9393  9438  9626  9664  9682
  9738  9830  9864  9925 10079 10252]","[   68    70    72   107   110   121   312   335   354   367   376   463
   649   738   786   826   892   941   959  1047  1137  1190  1253  1376
  1421  1508  1541  1596  1693  1702  1825  1841  1980  1981  2131  2215
  2465  2515  2516  2700  2713  2723  2752  2753  2755  2811  2859  2898
  2967  3032  3131  3227  3257  3526  3563  3608  3622  3644  3646  3681
  3783  3925  4008  4110  4135  4191  4250  4274  4313  4403  4478  4500
  4504  4518  4679  4687  4831  4911  5108  5110  5197  5480  5549  5653
  5682  5720  5743  5870  5871  6035  6045  6104  6127  6162  6173  6220
  6225  6228  6273  6280  6352  6377  6384  6429  6502  6590  6633  6675
  6696  6808  6809  6921  6922  6925  7167  7232  7252  7285  7410  7414
  7570  7689  7726  7843  7994  8014  8110  8142  8213  8305  8315  8330
  8446  8753  8884  9181  9258  9297  9353  9393  9438  9626  9664  9682
  9738  9830  9864  9925 10079 10252]",[    1     2     3 ... 10276 10278 10280]
"[  292   354   418   432   593   640   703   725   862   892   952   967
  1009  1025  1195  1232  1346  1361  1371  1433  1460  1476  1593  1675
  1688  1692  1762  1791  1850  1911  1966  2070  2074  2124  2144  2254
  2261  2278  2297  2326  2382  2409  2439  2479  2522  2540  2550  2630
  2776  2780  3094  3192  3228  3250  3310  3467  3512  3534  3608  3624
  3633  3688  3803  3878  3931  3951  3980  4125  4152  4156  4166  4289
  4421  4551  4579  4705  4737  4835  4867  4913  4949  4998  5067  5076
  5314  5355  5431  5808  5978  6017  6067  6073  6088  6182  6313  6465
  6487  6575  6661  6671  6721  6741  7154  7233  7243  7272  7319  7439
  7478  7516  7526  7529  7652  7663  7744  7891  7955  7989  8034  8099
  8142  8152  8196  8367  8514  8580  8624  8761  8782  8789  8862  8866
  8938  8981  9086  9090  9138  9347  9387  9514  9549  9664  9708  9712
  9778  9922  9956 10005 10183 10238]","[  292   354   418   432   593   640   703   725   862   892   952   967
  1009  1025  1195  1232  1346  1361  1371  1433  1460  1476  1593  1675
  1688  1692  1762  1791  1850  1911  1966  2070  2074  2124  2144  2254
  2261  2278  2297  2326  2382  2409  2439  2479  2522  2540  2550  2630
  2776  2780  3094  3192  3228  3250  3310  3467  3512  3534  3608  3624
  3633  3688  3803  3878  3931  3951  3980  4125  4152  4156  4166  4289
  4421  4551  4579  4705  4737  4835  4867  4913  4949  4998  5067  5076
  5314  5355  5431  5808  5978  6017  6067  6073  6088  6182  6313  6465
  6487  6575  6661  6671  6721  6741  7154  7233  7243  7272  7319  7439
  7478  7516  7526  7529  7652  7663  7744  7891  7955  7989  8034  8099
  8142  8152  8196  8367  8514  8580  8624  8761  8782  8789  8862  8866
  8938  8981  9086  9090  9138  9347  9387  9514  9549  9664  9708  9712
  9778  9922  9956 10005 10183 10238]",[    0     3     4 ... 10278 10279 10280]
"[   31    97   233   258   339   456   481   511   613   710   872   887
  1066  1147  1150  1162  1199  1223  1304  1318  1400  1578  1717  1904
  1925  1953  1999  2009  2118  2180  2194  2308  2340  2550  2573  2588
  2704  2705  2794  2802  2919  2988  3044  3349  3386  3399  3462  3583
  3688  3689  3805  3909  4044  4079  4082  4106  4176  4261  4263  4333
  4422  4451  4471  4488  4507  4673  4797  4829  4936  4948  4955  4963
  5098  5099  5164  5209  5272  5273  5295  5300  5331  5335  5445  5673
  5760  5830  5853  6016  6056  6132  6199  6290  6428  6457  6513  6626
  6672  6699  6726  6734  6759  6948  7023  7031  7079  7112  7165  7167
  7342  7369  7485  7498  7578  7612  7626  7668  7725  7853  7935  7963
  8040  8061  8073  8292  8300  8344  8387  8431  8432  8615  8675  8770
  8832  8894  8989  9130  9134  9172  9177  9194  9304  9353  9479  9584
  9620  9644  9695  9701 10011 10156]","[   31    97   233   258   339   456   481   511   613   710   872   887
  1066  1147  1150  1162  1199  1223  1304  1318  1400  1578  1717  1904
  1925  1953  1999  2009  2118  2180  2194  2308  2340  2550  2573  2588
  2704  2705  2794  2802  2919  2988  3044  3349  3386  3399  3462  3583
  3688  3689  3805  3909  4044  4079  4082  4106  4176  4261  4263  4333
  4422  4451  4471  4488  4507  4673  4797  4829  4936  4948  4955  4963
  5098  5099  5164  5209  5272  5273  5295  5300  5331  5335  5445  5673
  5760  5830  5853  6016  6056  6132  6199  6290  6428  6457  6513  6626
  6672  6699  6726  6734  6759  6948  7023  7031  7079  7112  7165  7167
  7342  7369  7485  7498  7578  7612  7626  7668  7725  7853  7935  7963
  8040  8061  8073  8292  8300  8344  8387  8431  8432  8615  8675  8770
  8832  8894  8989  9130  9134  9172  9177  9194  9304  9353  9479  9584
  9620  9644  9695  9701 10011 10156]",[    1     2     3 ... 10278 10279 10280]
"[    8    96   111   115   135   225   342   581   604   635   702   803
   934   960   987  1005  1021  1031  1034  1053  1064  1177  1229  1265
  1397  1584  1601  1710  1721  1722  1779  1851  1854  2055  2198  2294
  2393  2407  2417  2439  2454  2488  2549  2593  2759  2770  2796  2819
  2880  2989  3025  3060  3232  3267  3356  3411  3417  3523  3554  3662
  3731  3776  3840  3894  4063  4096  4154  4172  4216  4227  4310  4344
  4468  4471  4529  4531  4545  4662  4707  4729  4805  4971  5175  5184
  5373  5694  5718  6258  6301  6324  6331  6402  6410  6785  6814  6834
  6941  7106  7155  7177  7182  7223  7276  7394  7439  7470  7490  7540
  7600  7616  7632  7729  7808  7964  7980  8003  8094  8143  8200  8380
  8460  8506  8525  8537  8552  8650  8656  8677  8833  8927  8936  8952
  8982  9119  9140  9152  9201  9242  9245  9347  9480  9553  9649  9805
  9841 10072 10165 10166 10179 10253]","[    8    96   111   115   135   225   342   581   604   635   702   803
   934   960   987  1005  1021  1031  1034  1053  1064  1177  1229  1265
  1397  1584  1601  1710  1721  1722  1779  1851  1854  2055  2198  2294
  2393  2407  2417  2439  2454  2488  2549  2593  2759  2770  2796  2819
  2880  2989  3025  3060  3232  3267  3356  3411  3417  3523  3554  3662
  3731  3776  3840  3894  4063  4096  4154  4172  4216  4227  4310  4344
  4468  4471  4529  4531  4545  4662  4707  4729  4805  4971  5175  5184
  5373  5694  5718  6258  6301  6324  6331  6402  6410  6785  6814  6834
  6941  7106  7155  7177  7182  7223  7276  7394  7439  7470  7490  7540
  7600  7616  7632  7729  7808  7964  7980  8003  8094  8143  8200  8380
  8460  8506  8525  8537  8552  8650  8656  8677  8833  8927  8936  8952
  8982  9119  9140  9152  9201  9242  9245  9347  9480  9553  9649  9805
  9841 10072 10165 10166 10179 10253]",[    0     1     2 ... 10276 10277 10280]
"[   46   172   221   331   454   569   640   748   771   838   983  1097
  1197  1319  1379  1392  1425  1616  1627  1629  1659  1680  1721  1723
  1740  1748  1766  1827  1839  2159  2225  2300  2497  2549  2569  2675
  2741  2755  2786  2868  2990  3138  3354  3361  3399  3601  3617  3733
  3802  3812  3842  3920  4173  4174  4286  4375  4525  4576  4681  4772
  4917  4928  4950  4978  4994  5069  5103  5117  5118  5132  5172  5238
  5331  5359  5363  5371  5439  5527  5538  5557  5675  5768  5833  5897
  5984  6072  6192  6201  6587  6646  6777  6837  6930  6942  6998  7026
  7055  7072  7081  7152  7283  7329  7350  7354  7385  7430  7523  7598
  7607  7712  7777  7791  7830  7887  7921  8032  8077  8092  8160  8183
  8218  8229  8295  8328  8340  8412  8457  8657  8752  8763  8831  8874
  8918  8968  8992  9178  9209  9337  9379  9478  9538  9561  9570  9584
  9710  9716  9877  9931  9932 10241]","[   46   172   221   331   454   569   640   748   771   838   983  1097
  1197  1319  1379  1392  1425  1616  1627  1629  1659  1680  1721  1723
  1740  1748  1766  1827  1839  2159  2225  2300  2497  2549  2569  2675
  2741  2755  2786  2868  2990  3138  3354  3361  3399  3601  3617  3733
  3802  3812  3842  3920  4173  4174  4286  4375  4525  4576  4681  4772
  4917  4928  4950  4978  4994  5069  5103  5117  5118  5132  5172  5238
  5331  5359  5363  5371  5439  5527  5538  5557  5675  5768  5833  5897
  5984  6072  6192  6201  6587  6646  6777  6837  6930  6942  6998  7026
  7055  7072  7081  7152  7283  7329  7350  7354  7385  7430  7523  7598
  7607  7712  7777  7791  7830  7887  7921  8032  8077  8092  8160  8183
  8218  8229  8295  8328  8340  8412  8457  8657  8752  8763  8831  8874
  8918  8968  8992  9178  9209  9337  9379  9478  9538  9561  9570  9584
  9710  9716  9877  9931  9932 10241]",[    0     1     2 ... 10277 10278 10279]
"[   25    72   106   114   171   369   532   569   573   674   754   886
   936  1047  1103  1148  1520  1581  1611  1724  1751  1772  1793  2045
  2108  2290  2354  2395  2450  2484  2526  2589  2696  2749  2794  2844
  2940  3060  3109  3128  3172  3180  3196  3280  3294  3370  3374  3427
  3446  3522  3536  3608  3683  3703  3707  3783  3826  3899  3952  4003
  4035  4082  4138  4184  4194  4224  4320  4421  4461  4617  4625  4627
  4655  4739  4878  4903  4944  4960  5099  5160  5178  5187  5251  5328
  5479  5570  5630  5812  5888  6092  6223  6228  6327  6440  6480  6497
  6688  6691  6730  6907  6912  6935  6980  7023  7045  7214  7259  7327
  7610  7612  7619  7621  7646  7653  7716  7730  7746  7822  7844  7903
  7980  8197  8302  8402  8464  8752  8780  8786  8862  9065  9129  9178
  9210  9257  9266  9282  9310  9365  9503  9564  9759  9785  9855  9908
 10001 10003 10114 10230 10259 10260]","[   25    72   106   114   171   369   532   569   573   674   754   886
   936  1047  1103  1148  1520  1581  1611  1724  1751  1772  1793  2045
  2108  2290  2354  2395  2450  2484  2526  2589  2696  2749  2794  2844
  2940  3060  3109  3128  3172  3180  3196  3280  3294  3370  3374  3427
  3446  3522  3536  3608  3683  3703  3707  3783  3826  3899  3952  4003
  4035  4082  4138  4184  4194  4224  4320  4421  4461  4617  4625  4627
  4655  4739  4878  4903  4944  4960  5099  5160  5178  5187  5251  5328
  5479  5570  5630  5812  5888  6092  6223  6228  6327  6440  6480  6497
  6688  6691  6730  6907  6912  6935  6980  7023  7045  7214  7259  7327
  7610  7612  7619  7621  7646  7653  7716  7730  7746  7822  7844  7903
  7980  8197  8302  8402  8464  8752  8780  8786  8862  9065  9129  9178
  9210  9257  9266  9282  9310  9365  9503  9564  9759  9785  9855  9908
 10001 10003 10114 10230 10259 10260]",[    0     1     2 ... 10276 10278 10279]
"[   37   130   192   217   286   408   412   559   568   590   615   668
   952   968   973  1185  1234  1250  1298  1351  1377  1378  1380  1401
  1420  1479  1500  1515  1613  1649  1754  1780  1813  1939  1955  1993
  2103  2125  2155  2234  2550  2639  2666  2692  2763  2812  2842  2845
  2926  3042  3159  3209  3473  3544  3558  3754  3832  3919  4026  4070
  4100  4115  4178  4199  4218  4350  4419  4470  4518  4640  4790  4800
  4878  4926  5053  5199  5239  5366  5393  5424  5432  5657  5732  5758
  5773  5786  5787  6101  6159  6208  6214  6341  6357  6359  6397  6418
  6455  6461  6692  6768  6776  6842  6857  6924  7132  7229  7262  7393
  7444  7591  7694  7716  7749  7855  7895  7932  8087  8113  8242  8319
  8323  8331  8388  8577  8638  8683  8787  8802  8814  8828  8924  8963
  9132  9211  9295  9338  9365  9434  9457  9463  9537  9556  9567  9680
  9801  9823  9832  9869 10138 10252]","[   37   130   192   217   286   408   412   559   568   590   615   668
   952   968   973  1185  1234  1250  1298  1351  1377  1378  1380  1401
  1420  1479  1500  1515  1613  1649  1754  1780  1813  1939  1955  1993
  2103  2125  2155  2234  2550  2639  2666  2692  2763  2812  2842  2845
  2926  3042  3159  3209  3473  3544  3558  3754  3832  3919  4026  4070
  4100  4115  4178  4199  4218  4350  4419  4470  4518  4640  4790  4800
  4878  4926  5053  5199  5239  5366  5393  5424  5432  5657  5732  5758
  5773  5786  5787  6101  6159  6208  6214  6341  6357  6359  6397  6418
  6455  6461  6692  6768  6776  6842  6857  6924  7132  7229  7262  7393
  7444  7591  7694  7716  7749  7855  7895  7932  8087  8113  8242  8319
  8323  8331  8388  8577  8638  8683  8787  8802  8814  8828  8924  8963
  9132  9211  9295  9338  9365  9434  9457  9463  9537  9556  9567  9680
  9801  9823  9832  9869 10138 10252]",[    0     2     3 ... 10274 10275 10278]
"[  113   150   256   306   309   405   511   535   558   910   911   912
  1008  1069  1181  1273  1346  1392  1489  1664  1681  1738  1744  1777
  1787  1795  1815  1899  1951  1993  2058  2099  2140  2150  2165  2202
  2208  2250  2260  2451  2497  2622  2638  2736  2817  2869  2872  2880
  2883  2939  2972  3005  3034  3038  3098  3100  3253  3321  3328  3427
  3602  3632  3794  3818  3986  4007  4057  4304  4390  4423  4478  4612
  4761  4792  4805  4829  4991  5032  5222  5338  5411  5613  5790  5838
  5885  5897  5909  5953  6049  6069  6183  6196  6262  6310  6413  6440
  6495  6547  6553  6617  6868  6941  6970  7035  7265  7329  7441  7499
  7548  7553  7620  7631  7737  7868  7874  7934  7958  8036  8041  8054
  8081  8296  8332  8354  8396  8446  8471  8577  8699  8844  8849  8993
  9028  9054  9061  9074  9219  9357  9375  9658  9663  9738  9811  9832
 10083 10109 10126 10194 10204 10253]","[  113   150   256   306   309   405   511   535   558   910   911   912
  1008  1069  1181  1273  1346  1392  1489  1664  1681  1738  1744  1777
  1787  1795  1815  1899  1951  1993  2058  2099  2140  2150  2165  2202
  2208  2250  2260  2451  2497  2622  2638  2736  2817  2869  2872  2880
  2883  2939  2972  3005  3034  3038  3098  3100  3253  3321  3328  3427
  3602  3632  3794  3818  3986  4007  4057  4304  4390  4423  4478  4612
  4761  4792  4805  4829  4991  5032  5222  5338  5411  5613  5790  5838
  5885  5897  5909  5953  6049  6069  6183  6196  6262  6310  6413  6440
  6495  6547  6553  6617  6868  6941  6970  7035  7265  7329  7441  7499
  7548  7553  7620  7631  7737  7868  7874  7934  7958  8036  8041  8054
  8081  8296  8332  8354  8396  8446  8471  8577  8699  8844  8849  8993
  9028  9054  9061  9074  9219  9357  9375  9658  9663  9738  9811  9832
 10083 10109 10126 10194 10204 10253]",[    0     2     5 ... 10278 10279 10280]
"[   50   158   242   415   448   480   482   490   546   585   726   840
   852   895   918   946  1033  1057  1099  1265  1285  1306  1544  1548
  1654  1901  2137  2198  2211  2349  2509  2634  2725  2817  2844  2874
  3111  3112  3254  3269  3276  3495  3530  3587  3820  3913  3939  3943
  4033  4052  4107  4134  4149  4173  4429  4452  4474  4513  4517  4566
  4573  4612  4653  4670  4705  4794  4885  4928  4945  4994  5142  5157
  5175  5227  5245  5266  5394  5397  5448  5585  5667  5672  5749  5916
  6140  6203  6227  6268  6275  6308  6310  6577  6622  6641  6854  6890
  6927  7117  7181  7290  7375  7405  7419  7421  7429  7456  7489  7672
  7677  7712  7796  7823  7840  7881  7929  7974  8014  8041  8044  8072
  8083  8104  8151  8228  8374  8463  8518  8645  8683  8804  8809  8814
  8831  8959  9001  9088  9108  9273  9278  9385  9591  9600  9609  9713
  9740  9859  9883  9965 10218 10220]","[   50   158   242   415   448   480   482   490   546   585   726   840
   852   895   918   946  1033  1057  1099  1265  1285  1306  1544  1548
  1654  1901  2137  2198  2211  2349  2509  2634  2725  2817  2844  2874
  3111  3112  3254  3269  3276  3495  3530  3587  3820  3913  3939  3943
  4033  4052  4107  4134  4149  4173  4429  4452  4474  4513  4517  4566
  4573  4612  4653  4670  4705  4794  4885  4928  4945  4994  5142  5157
  5175  5227  5245  5266  5394  5397  5448  5585  5667  5672  5749  5916
  6140  6203  6227  6268  6275  6308  6310  6577  6622  6641  6854  6890
  6927  7117  7181  7290  7375  7405  7419  7421  7429  7456  7489  7672
  7677  7712  7796  7823  7840  7881  7929  7974  8014  8041  8044  8072
  8083  8104  8151  8228  8374  8463  8518  8645  8683  8804  8809  8814
  8831  8959  9001  9088  9108  9273  9278  9385  9591  9600  9609  9713
  9740  9859  9883  9965 10218 10220]",[    0     2     3 ... 10277 10278 10279]
"[   72   148   259   305   312   407   432   470   531   569   625   705
   772   816   826   930   946   965  1080  1135  1153  1304  1367  1380
  1498  1511  1518  1784  1823  1838  2046  2143  2163  2207  2280  2341
  2414  2464  2540  2606  2671  2851  2977  2992  3036  3065  3084  3159
  3192  3310  3334  3373  3464  3469  3647  3687  3804  3952  4023  4032
  4339  4408  4435  4474  4484  4540  4562  4565  4582  4689  4749  4814
  4879  5046  5083  5341  5344  5468  5524  5535  5705  5807  5871  5899
  5908  5939  5964  6088  6107  6123  6327  6369  6432  6550  6648  6716
  6731  6753  6754  6772  6814  6896  6914  6915  6971  6985  7021  7073
  7135  7151  7178  7205  7300  7307  7311  7377  7444  7498  7518  7585
  7591  7645  7701  7964  8170  8350  8394  8675  8759  8820  8905  8991
  9073  9209  9351  9470  9627  9691  9790  9818  9887  9952  9984  9998
 10046 10081 10134 10179 10218 10256]","[   72   148   259   305   312   407   432   470   531   569   625   705
   772   816   826   930   946   965  1080  1135  1153  1304  1367  1380
  1498  1511  1518  1784  1823  1838  2046  2143  2163  2207  2280  2341
  2414  2464  2540  2606  2671  2851  2977  2992  3036  3065  3084  3159
  3192  3310  3334  3373  3464  3469  3647  3687  3804  3952  4023  4032
  4339  4408  4435  4474  4484  4540  4562  4565  4582  4689  4749  4814
  4879  5046  5083  5341  5344  5468  5524  5535  5705  5807  5871  5899
  5908  5939  5964  6088  6107  6123  6327  6369  6432  6550  6648  6716
  6731  6753  6754  6772  6814  6896  6914  6915  6971  6985  7021  7073
  7135  7151  7178  7205  7300  7307  7311  7377  7444  7498  7518  7585
  7591  7645  7701  7964  8170  8350  8394  8675  8759  8820  8905  8991
  9073  9209  9351  9470  9627  9691  9790  9818  9887  9952  9984  9998
 10046 10081 10134 10179 10218 10256]",[    1     2     3 ... 10278 10279 10280]
"[    8   145   162   263   264   286   378   394   398   416   437   573
   598   669   678   743   759   805   858   871   921   979   987  1009
  1070  1156  1403  1458  1506  1619  1644  1651  1676  1678  1832  1951
  1976  2026  2083  2134  2224  2264  2272  2846  2901  3012  3174  3277
  3351  3426  3478  3505  3542  3803  3810  3845  3875  3906  3923  3948
  4057  4191  4194  4228  4326  4385  4448  4472  4500  4554  4565  4588
  4638  4651  4949  4971  5049  5050  5225  5281  5340  5367  5391  5398
  5442  5527  5579  5753  5811  5841  5862  6155  6250  6285  6414  6497
  6607  6671  6753  6784  6881  6914  7162  7190  7196  7323  7343  7347
  7391  7510  7546  7611  7620  7714  7837  7881  7915  7959  7986  8039
  8093  8205  8404  8435  8549  8573  8602  8627  8702  8754  8778  8809
  8837  8926  8935  8983  9034  9055  9468  9555  9628  9659  9757  9768
  9838 10002 10015 10166 10249 10268]","[    8   145   162   263   264   286   378   394   398   416   437   573
   598   669   678   743   759   805   858   871   921   979   987  1009
  1070  1156  1403  1458  1506  1619  1644  1651  1676  1678  1832  1951
  1976  2026  2083  2134  2224  2264  2272  2846  2901  3012  3174  3277
  3351  3426  3478  3505  3542  3803  3810  3845  3875  3906  3923  3948
  4057  4191  4194  4228  4326  4385  4448  4472  4500  4554  4565  4588
  4638  4651  4949  4971  5049  5050  5225  5281  5340  5367  5391  5398
  5442  5527  5579  5753  5811  5841  5862  6155  6250  6285  6414  6497
  6607  6671  6753  6784  6881  6914  7162  7190  7196  7323  7343  7347
  7391  7510  7546  7611  7620  7714  7837  7881  7915  7959  7986  8039
  8093  8205  8404  8435  8549  8573  8602  8627  8702  8754  8778  8809
  8837  8926  8935  8983  9034  9055  9468  9555  9628  9659  9757  9768
  9838 10002 10015 10166 10249 10268]",[    0     1     2 ... 10277 10278 10280]
"[   47    60   189   241   313   586   628   642   730   822   882   909
  1042  1045  1091  1179  1196  1210  1250  1272  1360  1362  1364  1458
  1509  1531  1554  1742  1818  1820  1872  1969  2122  2137  2258  2313
  2320  2358  2363  2533  2557  2604  2674  2697  2702  2759  2786  2791
  2807  2830  2847  2953  3043  3068  3215  3221  3236  3285  3411  3413
  3430  3475  3529  3622  3709  3831  3895  3939  4035  4041  4043  4075
  4203  4233  4355  4365  4426  4549  4573  4846  4931  5002  5090  5165
  5168  5430  5484  5561  5673  5860  5982  6180  6186  6226  6287  6351
  6370  6390  6393  6510  6514  6749  6788  6826  6845  7026  7077  7120
  7162  7270  7349  7451  7495  7513  7580  7746  7902  7931  8060  8069
  8163  8330  8447  8619  8659  8717  8721  8824  8889  8943  8944  9138
  9182  9187  9254  9257  9308  9371  9384  9435  9546  9728  9772  9800
  9822  9879  9905  9930 10022 10048]","[   47    60   189   241   313   586   628   642   730   822   882   909
  1042  1045  1091  1179  1196  1210  1250  1272  1360  1362  1364  1458
  1509  1531  1554  1742  1818  1820  1872  1969  2122  2137  2258  2313
  2320  2358  2363  2533  2557  2604  2674  2697  2702  2759  2786  2791
  2807  2830  2847  2953  3043  3068  3215  3221  3236  3285  3411  3413
  3430  3475  3529  3622  3709  3831  3895  3939  4035  4041  4043  4075
  4203  4233  4355  4365  4426  4549  4573  4846  4931  5002  5090  5165
  5168  5430  5484  5561  5673  5860  5982  6180  6186  6226  6287  6351
  6370  6390  6393  6510  6514  6749  6788  6826  6845  7026  7077  7120
  7162  7270  7349  7451  7495  7513  7580  7746  7902  7931  8060  8069
  8163  8330  8447  8619  8659  8717  8721  8824  8889  8943  8944  9138
  9182  9187  9254  9257  9308  9371  9384  9435  9546  9728  9772  9800
  9822  9879  9905  9930 10022 10048]",[    0     1     5 ... 10278 10279 10280]
"[   96   333   397   472   563   657   658   770  1179  1205  1211  1306
  1334  1420  1498  1523  1526  1673  1708  1721  1807  1889  2083  2387
  2502  2755  2793  2860  2906  3060  3117  3127  3195  3238  3304  3337
  3381  3392  3415  3444  3517  3542  3817  3847  3912  3958  4096  4213
  4364  4369  4404  4422  4436  4502  4504  4619  4643  4658  4724  4789
  4837  4941  4949  5044  5083  5128  5314  5488  5498  5507  5513  5644
  5690  5758  5811  5863  5903  5921  5931  6001  6264  6291  6322  6326
  6413  6423  6455  6488  6500  6603  6745  6829  6833  6896  7007  7018
  7071  7090  7102  7105  7132  7160  7247  7384  7456  7540  7584  7645
  7688  7716  7792  8011  8098  8181  8221  8250  8429  8459  8460  8468
  8485  8536  8584  8735  8965  9015  9169  9179  9233  9246  9254  9259
  9318  9335  9554  9555  9620  9632  9647  9662  9727  9761  9764  9777
  9897 10025 10163 10193 10219 10236]","[   96   333   397   472   563   657   658   770  1179  1205  1211  1306
  1334  1420  1498  1523  1526  1673  1708  1721  1807  1889  2083  2387
  2502  2755  2793  2860  2906  3060  3117  3127  3195  3238  3304  3337
  3381  3392  3415  3444  3517  3542  3817  3847  3912  3958  4096  4213
  4364  4369  4404  4422  4436  4502  4504  4619  4643  4658  4724  4789
  4837  4941  4949  5044  5083  5128  5314  5488  5498  5507  5513  5644
  5690  5758  5811  5863  5903  5921  5931  6001  6264  6291  6322  6326
  6413  6423  6455  6488  6500  6603  6745  6829  6833  6896  7007  7018
  7071  7090  7102  7105  7132  7160  7247  7384  7456  7540  7584  7645
  7688  7716  7792  8011  8098  8181  8221  8250  8429  8459  8460  8468
  8485  8536  8584  8735  8965  9015  9169  9179  9233  9246  9254  9259
  9318  9335  9554  9555  9620  9632  9647  9662  9727  9761  9764  9777
  9897 10025 10163 10193 10219 10236]",[    2     3     4 ... 10274 10275 10280]
"[   54   121   227   306   332   367   436   482   525   625   668   704
   723   729   761   766   796   919   927   930   938   963  1019  1162
  1215  1406  1506  1544  1553  1568  1638  1891  2159  2261  2464  2545
  2608  2667  2701  2703  2808  2891  2935  3076  3117  3154  3233  3310
  3338  3406  3460  3491  3531  3826  3855  3880  3892  3972  4021  4046
  4059  4063  4306  4409  4436  4492  4613  4659  4670  4671  4843  5084
  5123  5135  5238  5284  5434  5448  5450  5480  5515  5516  5781  5836
  5853  5885  5891  5936  5937  6002  6033  6036  6071  6276  6288  6315
  6377  6400  6460  6482  6550  6588  6603  6777  6833  6877  7003  7091
  7130  7181  7191  7327  7373  7453  7532  7953  8060  8089  8121  8206
  8217  8303  8401  8432  8637  8717  8731  8743  8769  8871  9031  9055
  9127  9195  9342  9389  9453  9463  9564  9642  9754  9756  9809  9942
  9943  9986  9999 10047 10134 10152]","[   54   121   227   306   332   367   436   482   525   625   668   704
   723   729   761   766   796   919   927   930   938   963  1019  1162
  1215  1406  1506  1544  1553  1568  1638  1891  2159  2261  2464  2545
  2608  2667  2701  2703  2808  2891  2935  3076  3117  3154  3233  3310
  3338  3406  3460  3491  3531  3826  3855  3880  3892  3972  4021  4046
  4059  4063  4306  4409  4436  4492  4613  4659  4670  4671  4843  5084
  5123  5135  5238  5284  5434  5448  5450  5480  5515  5516  5781  5836
  5853  5885  5891  5936  5937  6002  6033  6036  6071  6276  6288  6315
  6377  6400  6460  6482  6550  6588  6603  6777  6833  6877  7003  7091
  7130  7181  7191  7327  7373  7453  7532  7953  8060  8089  8121  8206
  8217  8303  8401  8432  8637  8717  8731  8743  8769  8871  9031  9055
  9127  9195  9342  9389  9453  9463  9564  9642  9754  9756  9809  9942
  9943  9986  9999 10047 10134 10152]",[    1     3     4 ... 10278 10279 10280]
"[   49   114   164   212   245   333   392   614   640   702   783   870
   946   992  1103  1137  1178  1179  1329  1385  1465  1472  1514  1539
  1566  1576  1610  1768  1774  1782  1971  2040  2065  2082  2089  2208
  2224  2403  2511  2619  2736  2750  2783  2795  2840  2900  2917  3017
  3059  3121  3138  3240  3304  3348  3399  3475  3554  3621  3643  3672
  3673  3946  4049  4062  4149  4327  4439  4486  4711  4840  5023  5026
  5116  5130  5136  5188  5190  5340  5408  5587  5705  5828  5878  5885
  5900  5976  6068  6075  6138  6271  6381  6471  6517  6575  6661  6672
  6716  6725  6730  6731  6758  6860  6863  7060  7103  7356  7358  7645
  7668  7697  7714  7729  7752  7793  7835  7909  7941  8088  8192  8208
  8283  8317  8448  8676  8791  8834  8842  8875  8890  8950  9004  9054
  9063  9064  9213  9302  9316  9326  9342  9484  9488  9616  9664  9746
  9875  9962 10001 10139 10200 10277]","[   49   114   164   212   245   333   392   614   640   702   783   870
   946   992  1103  1137  1178  1179  1329  1385  1465  1472  1514  1539
  1566  1576  1610  1768  1774  1782  1971  2040  2065  2082  2089  2208
  2224  2403  2511  2619  2736  2750  2783  2795  2840  2900  2917  3017
  3059  3121  3138  3240  3304  3348  3399  3475  3554  3621  3643  3672
  3673  3946  4049  4062  4149  4327  4439  4486  4711  4840  5023  5026
  5116  5130  5136  5188  5190  5340  5408  5587  5705  5828  5878  5885
  5900  5976  6068  6075  6138  6271  6381  6471  6517  6575  6661  6672
  6716  6725  6730  6731  6758  6860  6863  7060  7103  7356  7358  7645
  7668  7697  7714  7729  7752  7793  7835  7909  7941  8088  8192  8208
  8283  8317  8448  8676  8791  8834  8842  8875  8890  8950  9004  9054
  9063  9064  9213  9302  9316  9326  9342  9484  9488  9616  9664  9746
  9875  9962 10001 10139 10200 10277]",[    0     1     2 ... 10276 10278 10279]
"[   30   125   161   171   197   236   470   483   604   662   665   775
   834   985  1019  1107  1181  1326  1334  1343  1389  1444  1568  1582
  1652  1811  2015  2235  2256  2291  2325  2483  2541  2561  2686  2690
  2706  2739  2861  2901  2997  3003  3137  3149  3298  3349  3419  3420
  3454  3490  3549  3584  3622  3737  3779  3899  3956  4054  4118  4268
  4278  4316  4337  4437  4508  4528  4636  4697  4701  4752  4856  5071
  5083  5105  5210  5220  5412  5563  5580  5754  5939  6001  6012  6171
  6183  6237  6261  6262  6320  6408  6429  6520  6537  6582  6644  6646
  6948  6971  7040  7110  7128  7130  7162  7287  7318  7327  7367  7647
  7773  7879  7902  8033  8045  8184  8259  8352  8368  8378  8390  8417
  8451  8577  8579  8685  8764  8854  8892  8893  8955  8980  9011  9031
  9079  9088  9186  9196  9216  9352  9464  9646  9671  9773  9820  9880
 10027 10099 10121 10151 10191 10238]","[   30   125   161   171   197   236   470   483   604   662   665   775
   834   985  1019  1107  1181  1326  1334  1343  1389  1444  1568  1582
  1652  1811  2015  2235  2256  2291  2325  2483  2541  2561  2686  2690
  2706  2739  2861  2901  2997  3003  3137  3149  3298  3349  3419  3420
  3454  3490  3549  3584  3622  3737  3779  3899  3956  4054  4118  4268
  4278  4316  4337  4437  4508  4528  4636  4697  4701  4752  4856  5071
  5083  5105  5210  5220  5412  5563  5580  5754  5939  6001  6012  6171
  6183  6237  6261  6262  6320  6408  6429  6520  6537  6582  6644  6646
  6948  6971  7040  7110  7128  7130  7162  7287  7318  7327  7367  7647
  7773  7879  7902  8033  8045  8184  8259  8352  8368  8378  8390  8417
  8451  8577  8579  8685  8764  8854  8892  8893  8955  8980  9011  9031
  9079  9088  9186  9196  9216  9352  9464  9646  9671  9773  9820  9880
 10027 10099 10121 10151 10191 10238]",[    0     1     2 ... 10278 10279 10280]
"[   36    43   145   249   304   467   566   588   815   977  1012  1035
  1046  1054  1058  1244  1378  1427  1479  1490  1503  1526  1548  1549
  1657  1686  1710  1722  1734  1842  2087  2096  2315  2439  2445  2686
  2703  2716  2826  2898  2934  2963  3030  3033  3113  3182  3225  3228
  3230  3268  3337  3354  3467  3606  3627  3637  3638  3652  3783  3788
  3824  3870  4051  4075  4091  4122  4193  4253  4254  4304  4411  4451
  4499  4523  4603  4645  4821  4885  4899  5185  5211  5332  5351  5546
  5557  5625  5662  5755  5804  5909  5915  6007  6033  6095  6212  6288
  6422  6565  6571  6677  6706  6789  6797  6841  6921  6967  7041  7084
  7151  7188  7278  7320  7328  7354  7401  7422  7858  7959  7994  8039
  8044  8104  8158  8193  8473  8524  8552  8586  8618  8688  8706  8813
  8837  8905  8908  8941  8998  9183  9311  9341  9418  9431  9432  9466
  9525  9679  9786  9881 10101 10213]","[   36    43   145   249   304   467   566   588   815   977  1012  1035
  1046  1054  1058  1244  1378  1427  1479  1490  1503  1526  1548  1549
  1657  1686  1710  1722  1734  1842  2087  2096  2315  2439  2445  2686
  2703  2716  2826  2898  2934  2963  3030  3033  3113  3182  3225  3228
  3230  3268  3337  3354  3467  3606  3627  3637  3638  3652  3783  3788
  3824  3870  4051  4075  4091  4122  4193  4253  4254  4304  4411  4451
  4499  4523  4603  4645  4821  4885  4899  5185  5211  5332  5351  5546
  5557  5625  5662  5755  5804  5909  5915  6007  6033  6095  6212  6288
  6422  6565  6571  6677  6706  6789  6797  6841  6921  6967  7041  7084
  7151  7188  7278  7320  7328  7354  7401  7422  7858  7959  7994  8039
  8044  8104  8158  8193  8473  8524  8552  8586  8618  8688  8706  8813
  8837  8905  8908  8941  8998  9183  9311  9341  9418  9431  9432  9466
  9525  9679  9786  9881 10101 10213]",[    0     1     2 ... 10277 10279 10280]
"[    3    83    96   147   193   225   236   368   414   434   579   629
   664   711   716   884   927  1069  1075  1092  1104  1329  1366  1475
  1536  1662  1665  1675  1731  1756  1783  1787  1821  1844  1897  1970
  2108  2177  2201  2296  2348  2386  2465  2553  2583  2590  2596  2625
  2700  2884  2918  2941  3148  3164  3336  3365  3521  3571  3591  3655
  3673  3735  3783  3860  3955  3988  4017  4053  4099  4109  4143  4219
  4288  4324  4380  4423  4453  4458  4541  4570  4600  4609  4935  4969
  5053  5157  5253  5331  5428  5532  5955  6040  6072  6201  6210  6281
  6320  6421  6482  6623  6668  6703  6708  6896  6903  7157  7168  7348
  7415  7613  7620  7760  7793  7917  7963  8051  8071  8089  8286  8295
  8343  8372  8476  8613  8692  8773  8774  8783  8808  8841  8888  9017
  9156  9186  9236  9408  9428  9437  9463  9633  9675  9677  9722  9809
  9865  9868  9984 10073 10158 10200]","[    3    83    96   147   193   225   236   368   414   434   579   629
   664   711   716   884   927  1069  1075  1092  1104  1329  1366  1475
  1536  1662  1665  1675  1731  1756  1783  1787  1821  1844  1897  1970
  2108  2177  2201  2296  2348  2386  2465  2553  2583  2590  2596  2625
  2700  2884  2918  2941  3148  3164  3336  3365  3521  3571  3591  3655
  3673  3735  3783  3860  3955  3988  4017  4053  4099  4109  4143  4219
  4288  4324  4380  4423  4453  4458  4541  4570  4600  4609  4935  4969
  5053  5157  5253  5331  5428  5532  5955  6040  6072  6201  6210  6281
  6320  6421  6482  6623  6668  6703  6708  6896  6903  7157  7168  7348
  7415  7613  7620  7760  7793  7917  7963  8051  8071  8089  8286  8295
  8343  8372  8476  8613  8692  8773  8774  8783  8808  8841  8888  9017
  9156  9186  9236  9408  9428  9437  9463  9633  9675  9677  9722  9809
  9865  9868  9984 10073 10158 10200]",[    0     1     2 ... 10276 10277 10280]
"[   57   107   119   380   388   399   542   567   605   651   706   744
   823   887  1095  1100  1109  1220  1287  1303  1329  1493  1512  1524
  1528  1560  1624  1634  1646  1702  1714  1777  1811  1837  1975  2020
  2045  2122  2151  2185  2380  2472  2600  2688  2720  2748  2762  2866
  3025  3120  3237  3409  3430  3617  3660  3742  3755  3774  3795  3828
  3857  3868  3911  3949  3955  4189  4230  4295  4565  4569  4579  4584
  4666  4720  4777  4794  4826  5204  5381  5575  5599  5636  5696  5736
  5822  5875  5879  5978  6123  6283  6392  6455  6466  6561  6734  6737
  6777  6805  6845  6911  6926  6991  7096  7136  7305  7344  7404  7501
  7525  7530  7624  7676  7685  7697  7729  7762  7856  7862  7945  8004
  8058  8080  8155  8194  8212  8683  8796  8917  9048  9136  9254  9389
  9446  9598  9664  9693  9705  9760  9780  9822  9835  9866  9883  9965
  9977 10063 10069 10080 10120 10211]","[   57   107   119   380   388   399   542   567   605   651   706   744
   823   887  1095  1100  1109  1220  1287  1303  1329  1493  1512  1524
  1528  1560  1624  1634  1646  1702  1714  1777  1811  1837  1975  2020
  2045  2122  2151  2185  2380  2472  2600  2688  2720  2748  2762  2866
  3025  3120  3237  3409  3430  3617  3660  3742  3755  3774  3795  3828
  3857  3868  3911  3949  3955  4189  4230  4295  4565  4569  4579  4584
  4666  4720  4777  4794  4826  5204  5381  5575  5599  5636  5696  5736
  5822  5875  5879  5978  6123  6283  6392  6455  6466  6561  6734  6737
  6777  6805  6845  6911  6926  6991  7096  7136  7305  7344  7404  7501
  7525  7530  7624  7676  7685  7697  7729  7762  7856  7862  7945  8004
  8058  8080  8155  8194  8212  8683  8796  8917  9048  9136  9254  9389
  9446  9598  9664  9693  9705  9760  9780  9822  9835  9866  9883  9965
  9977 10063 10069 10080 10120 10211]",[    0     1     2 ... 10276 10277 10279]
"[  130   184   230   242   571   700   766   810   907   958  1039  1057
  1070  1080  1096  1281  1316  1371  1383  1456  1469  1491  1529  1690
  1757  1990  2032  2075  2077  2102  2195  2227  2268  2273  2304  2350
  2443  2485  2499  2540  2571  2610  2778  2805  3046  3080  3295  3316
  3376  3472  3488  3534  3759  3891  3892  3905  3987  4020  4045  4151
  4177  4221  4273  4308  4321  4404  4488  4586  4641  4756  4761  4815
  4987  5028  5246  5259  5300  5313  5348  5390  5429  5507  5536  5620
  5625  5681  5825  6029  6107  6226  6392  6520  6600  6674  6676  6779
  6803  6808  6859  6923  7039  7144  7146  7219  7225  7292  7332  7359
  7378  7403  7567  7757  7809  7885  7903  7955  7960  8008  8101  8236
  8255  8271  8338  8420  8522  8537  8588  8721  8737  8870  9146  9213
  9215  9285  9289  9391  9477  9610  9654  9655  9719  9836  9849  9874
  9891 10025 10049 10246 10264 10280]","[  130   184   230   242   571   700   766   810   907   958  1039  1057
  1070  1080  1096  1281  1316  1371  1383  1456  1469  1491  1529  1690
  1757  1990  2032  2075  2077  2102  2195  2227  2268  2273  2304  2350
  2443  2485  2499  2540  2571  2610  2778  2805  3046  3080  3295  3316
  3376  3472  3488  3534  3759  3891  3892  3905  3987  4020  4045  4151
  4177  4221  4273  4308  4321  4404  4488  4586  4641  4756  4761  4815
  4987  5028  5246  5259  5300  5313  5348  5390  5429  5507  5536  5620
  5625  5681  5825  6029  6107  6226  6392  6520  6600  6674  6676  6779
  6803  6808  6859  6923  7039  7144  7146  7219  7225  7292  7332  7359
  7378  7403  7567  7757  7809  7885  7903  7955  7960  8008  8101  8236
  8255  8271  8338  8420  8522  8537  8588  8721  8737  8870  9146  9213
  9215  9285  9289  9391  9477  9610  9654  9655  9719  9836  9849  9874
  9891 10025 10049 10246 10264 10280]",[    0     2     3 ... 10276 10277 10278]
"[    1   128   165   173   266   317   321   446   488   494   559   582
   649   806   828   882   992  1003  1024  1073  1079  1116  1213  1218
  1641  1727  1757  1764  1919  2142  2231  2278  2309  2336  2358  2393
  2538  2557  2617  2660  2930  3042  3057  3117  3137  3199  3213  3216
  3344  3359  3515  3523  3531  3640  3651  3748  3750  3769  3775  3849
  3964  3995  4020  4043  4140  4155  4214  4254  4468  4481  4746  4849
  4984  5288  5333  5433  5470  5493  5605  5833  5837  5847  6087  6148
  6173  6185  6261  6292  6323  6408  6556  6559  6603  6656  6663  6750
  6752  6818  6895  6905  7030  7037  7197  7242  7260  7336  7431  7656
  7680  7753  7838  7846  7876  8157  8319  8323  8480  8529  8569  8641
  8660  8684  8768  8841  8929  9007  9070  9071  9078  9098  9174  9217
  9266  9331  9467  9571  9726  9765  9784  9785  9823  9871 10043 10067
 10073 10095 10139 10217 10227 10272]","[    1   128   165   173   266   317   321   446   488   494   559   582
   649   806   828   882   992  1003  1024  1073  1079  1116  1213  1218
  1641  1727  1757  1764  1919  2142  2231  2278  2309  2336  2358  2393
  2538  2557  2617  2660  2930  3042  3057  3117  3137  3199  3213  3216
  3344  3359  3515  3523  3531  3640  3651  3748  3750  3769  3775  3849
  3964  3995  4020  4043  4140  4155  4214  4254  4468  4481  4746  4849
  4984  5288  5333  5433  5470  5493  5605  5833  5837  5847  6087  6148
  6173  6185  6261  6292  6323  6408  6556  6559  6603  6656  6663  6750
  6752  6818  6895  6905  7030  7037  7197  7242  7260  7336  7431  7656
  7680  7753  7838  7846  7876  8157  8319  8323  8480  8529  8569  8641
  8660  8684  8768  8841  8929  9007  9070  9071  9078  9098  9174  9217
  9266  9331  9467  9571  9726  9765  9784  9785  9823  9871 10043 10067
 10073 10095 10139 10217 10227 10272]",[    0     2     5 ... 10276 10277 10278]
"[   30   204   295   323   407   521   537   605   678   750   753   826
   853   957   970  1015  1059  1206  1226  1405  1542  1560  1643  1652
  1687  1689  1691  1698  1701  1808  1890  2003  2005  2336  2481  2547
  2618  2697  2745  2785  2962  3145  3166  3168  3175  3202  3225  3246
  3361  3379  3470  3502  3503  3534  3633  3637  3909  3953  4078  4193
  4252  4272  4300  4370  4418  4463  4501  4520  4562  4698  4730  4752
  4754  4906  4963  4967  4982  5000  5034  5060  5183  5230  5308  5326
  5399  5605  5651  5713  5738  5742  5748  5820  5841  5843  5915  6084
  6250  6311  6511  6536  6650  6651  6681  6696  6737  6768  6849  6913
  6930  7063  7070  7104  7138  7192  7323  7353  7396  7411  7449  7517
  7592  7817  7878  7900  8019  8117  8179  8327  8333  8334  8343  8512
  8551  8760  9038  9083  9090  9186  9221  9405  9562  9573  9797  9801
  9926 10015 10082 10223 10224 10264]","[   30   204   295   323   407   521   537   605   678   750   753   826
   853   957   970  1015  1059  1206  1226  1405  1542  1560  1643  1652
  1687  1689  1691  1698  1701  1808  1890  2003  2005  2336  2481  2547
  2618  2697  2745  2785  2962  3145  3166  3168  3175  3202  3225  3246
  3361  3379  3470  3502  3503  3534  3633  3637  3909  3953  4078  4193
  4252  4272  4300  4370  4418  4463  4501  4520  4562  4698  4730  4752
  4754  4906  4963  4967  4982  5000  5034  5060  5183  5230  5308  5326
  5399  5605  5651  5713  5738  5742  5748  5820  5841  5843  5915  6084
  6250  6311  6511  6536  6650  6651  6681  6696  6737  6768  6849  6913
  6930  7063  7070  7104  7138  7192  7323  7353  7396  7411  7449  7517
  7592  7817  7878  7900  8019  8117  8179  8327  8333  8334  8343  8512
  8551  8760  9038  9083  9090  9186  9221  9405  9562  9573  9797  9801
  9926 10015 10082 10223 10224 10264]",[    1     2     3 ... 10278 10279 10280]
"[    8    43    86   184   248   306   403   594   699   824   893   935
   971  1130  1148  1159  1167  1187  1231  1241  1316  1320  1432  1475
  1568  1655  1788  1911  2086  2109  2147  2156  2157  2307  2364  2452
  2478  2530  2534  2557  2597  2674  2745  2775  2895  2929  2945  3005
  3078  3193  3512  3514  3539  3626  3690  3730  3807  3859  4014  4028
  4108  4129  4204  4262  4391  4417  4520  4562  4603  4639  4729  4741
  4783  4824  4884  4941  4945  4956  4995  5012  5261  5296  5326  5493
  5638  5639  5775  5823  5916  5932  5996  6085  6107  6155  6207  6209
  6217  6298  6311  6457  6468  6473  6524  6545  6575  6725  6782  6855
  6933  7089  7121  7133  7362  7418  7459  7474  7509  7510  7531  7580
  7609  7676  7706  7720  7754  7799  7879  7935  7945  7963  8025  8063
  8168  8371  8399  8487  8665  8985  9170  9218  9386  9401  9635  9662
  9728  9781  9890  9972 10017 10201]","[    8    43    86   184   248   306   403   594   699   824   893   935
   971  1130  1148  1159  1167  1187  1231  1241  1316  1320  1432  1475
  1568  1655  1788  1911  2086  2109  2147  2156  2157  2307  2364  2452
  2478  2530  2534  2557  2597  2674  2745  2775  2895  2929  2945  3005
  3078  3193  3512  3514  3539  3626  3690  3730  3807  3859  4014  4028
  4108  4129  4204  4262  4391  4417  4520  4562  4603  4639  4729  4741
  4783  4824  4884  4941  4945  4956  4995  5012  5261  5296  5326  5493
  5638  5639  5775  5823  5916  5932  5996  6085  6107  6155  6207  6209
  6217  6298  6311  6457  6468  6473  6524  6545  6575  6725  6782  6855
  6933  7089  7121  7133  7362  7418  7459  7474  7509  7510  7531  7580
  7609  7676  7706  7720  7754  7799  7879  7935  7945  7963  8025  8063
  8168  8371  8399  8487  8665  8985  9170  9218  9386  9401  9635  9662
  9728  9781  9890  9972 10017 10201]",[    0     2     3 ... 10276 10277 10278]
"[   89   207   562   666   764   815   848   906  1118  1130  1238  1274
  1294  1364  1372  1376  1562  1579  1603  1725  1742  1931  1972  1979
  2133  2152  2351  2490  2508  2510  2516  2522  2641  2778  2787  2801
  2842  2994  3079  3094  3111  3117  3140  3142  3153  3191  3326  3641
  3724  3748  3766  3790  3800  3804  3874  3962  3974  4050  4116  4301
  4511  4544  4571  4623  4717  4721  4736  4761  4794  4855  4871  4984
  5020  5082  5221  5272  5305  5500  5526  5672  5689  5741  5933  5949
  5990  6030  6036  6215  6234  6250  6307  6325  6344  6410  6841  6842
  6901  6998  7058  7081  7089  7347  7420  7501  7521  7599  7614  7698
  7710  7772  7847  7903  7971  8001  8012  8020  8226  8421  8614  8649
  8652  8654  8675  8781  8824  8852  8982  8992  9050  9168  9262  9289
  9318  9324  9358  9364  9395  9399  9404  9469  9504  9646  9791  9887
  9903  9909 10092 10097 10120 10152]","[   89   207   562   666   764   815   848   906  1118  1130  1238  1274
  1294  1364  1372  1376  1562  1579  1603  1725  1742  1931  1972  1979
  2133  2152  2351  2490  2508  2510  2516  2522  2641  2778  2787  2801
  2842  2994  3079  3094  3111  3117  3140  3142  3153  3191  3326  3641
  3724  3748  3766  3790  3800  3804  3874  3962  3974  4050  4116  4301
  4511  4544  4571  4623  4717  4721  4736  4761  4794  4855  4871  4984
  5020  5082  5221  5272  5305  5500  5526  5672  5689  5741  5933  5949
  5990  6030  6036  6215  6234  6250  6307  6325  6344  6410  6841  6842
  6901  6998  7058  7081  7089  7347  7420  7501  7521  7599  7614  7698
  7710  7772  7847  7903  7971  8001  8012  8020  8226  8421  8614  8649
  8652  8654  8675  8781  8824  8852  8982  8992  9050  9168  9262  9289
  9318  9324  9358  9364  9395  9399  9404  9469  9504  9646  9791  9887
  9903  9909 10092 10097 10120 10152]",[    0     1     2 ... 10278 10279 10280]
"[   65   127   156   354   392   460   645   674   853   888   903   925
   994  1045  1049  1123  1198  1208  1221  1396  1471  1548  1579  1633
  1643  1688  1753  1887  2022  2052  2130  2218  2322  2429  2503  2513
  2566  2708  2715  2838  2865  2880  2992  3095  3105  3145  3285  3294
  3309  3330  3357  3413  3588  3837  3904  3962  4180  4220  4233  4248
  4329  4403  4420  4441  4632  4650  4717  4747  4752  4775  4842  4914
  5011  5057  5067  5299  5314  5392  5548  5566  5597  5630  5802  5805
  5910  5943  6110  6194  6237  6292  6434  6509  6510  6646  6666  6670
  6752  6868  6888  6923  7005  7059  7109  7131  7261  7354  7361  7410
  7411  7463  7562  7639  7651  7726  7762  7882  7966  7994  8092  8095
  8110  8290  8324  8456  8683  8779  8863  8866  8976  9129  9248  9259
  9301  9390  9411  9654  9699  9748  9752  9761  9769  9865  9915  9958
 10021 10136 10171 10176 10215 10242]","[   65   127   156   354   392   460   645   674   853   888   903   925
   994  1045  1049  1123  1198  1208  1221  1396  1471  1548  1579  1633
  1643  1688  1753  1887  2022  2052  2130  2218  2322  2429  2503  2513
  2566  2708  2715  2838  2865  2880  2992  3095  3105  3145  3285  3294
  3309  3330  3357  3413  3588  3837  3904  3962  4180  4220  4233  4248
  4329  4403  4420  4441  4632  4650  4717  4747  4752  4775  4842  4914
  5011  5057  5067  5299  5314  5392  5548  5566  5597  5630  5802  5805
  5910  5943  6110  6194  6237  6292  6434  6509  6510  6646  6666  6670
  6752  6868  6888  6923  7005  7059  7109  7131  7261  7354  7361  7410
  7411  7463  7562  7639  7651  7726  7762  7882  7966  7994  8092  8095
  8110  8290  8324  8456  8683  8779  8863  8866  8976  9129  9248  9259
  9301  9390  9411  9654  9699  9748  9752  9761  9769  9865  9915  9958
 10021 10136 10171 10176 10215 10242]",[    0     1     2 ... 10278 10279 10280]
"[  324   380   411   461   485   622   724   803   910   990  1064  1244
  1406  1464  1483  1494  1544  1601  1627  1711  1715  1756  1903  2029
  2147  2162  2339  2487  2510  2618  2735  2793  2814  2849  3011  3109
  3111  3211  3330  3425  3495  3526  3630  3992  3993  4212  4304  4415
  4451  4510  4530  4531  4535  4601  4670  4676  4781  4782  4795  4903
  4907  4972  5026  5166  5204  5243  5450  5566  5650  5658  5686  5695
  5705  5733  5772  5778  5861  5872  5885  5924  5948  6110  6207  6237
  6245  6488  6572  6608  6650  6841  6945  6950  6994  7116  7143  7271
  7305  7379  7390  7467  7526  7558  7654  7670  7671  7677  7705  7763
  7902  7930  7961  8081  8083  8142  8173  8215  8243  8334  8490  8589
  8655  8660  8760  8784  8862  9095  9109  9164  9237  9372  9400  9452
  9486  9531  9566  9589  9702  9779  9939  9966  9969  9972 10048 10057
 10063 10064 10071 10083 10204 10259]","[  324   380   411   461   485   622   724   803   910   990  1064  1244
  1406  1464  1483  1494  1544  1601  1627  1711  1715  1756  1903  2029
  2147  2162  2339  2487  2510  2618  2735  2793  2814  2849  3011  3109
  3111  3211  3330  3425  3495  3526  3630  3992  3993  4212  4304  4415
  4451  4510  4530  4531  4535  4601  4670  4676  4781  4782  4795  4903
  4907  4972  5026  5166  5204  5243  5450  5566  5650  5658  5686  5695
  5705  5733  5772  5778  5861  5872  5885  5924  5948  6110  6207  6237
  6245  6488  6572  6608  6650  6841  6945  6950  6994  7116  7143  7271
  7305  7379  7390  7467  7526  7558  7654  7670  7671  7677  7705  7763
  7902  7930  7961  8081  8083  8142  8173  8215  8243  8334  8490  8589
  8655  8660  8760  8784  8862  9095  9109  9164  9237  9372  9400  9452
  9486  9531  9566  9589  9702  9779  9939  9966  9969  9972 10048 10057
 10063 10064 10071 10083 10204 10259]",[    0     3     4 ... 10278 10279 10280]
"[    5    25    63   104   108   136   163   172   199   409   503   505
   526   532   661   811   815   850   881   883  1085  1202  1248  1301
  1359  1385  1523  1644  1655  1662  1700  1718  1816  1879  1942  1950
  2028  2030  2036  2042  2055  2178  2196  2275  2665  2672  2683  2687
  2808  2843  2977  3052  3109  3118  3268  3276  3311  3453  3489  3496
  3499  3693  3750  3941  3945  3966  3976  4163  4168  4233  4259  4693
  4866  4922  4963  5030  5137  5171  5194  5250  5265  5281  5292  5302
  5364  5507  5510  5627  5691  5817  5885  5986  6214  6259  6346  6438
  6464  6470  6558  6643  6766  6934  6972  6988  7003  7129  7204  7223
  7231  7278  7292  7302  7329  7387  7457  7503  7569  7579  7752  7769
  7832  8042  8176  8202  8347  8367  8388  8402  8427  8460  8464  8495
  8613  8636  8879  8931  9050  9160  9251  9267  9451  9858  9880  9885
  9913 10001 10036 10043 10081 10093]","[    5    25    63   104   108   136   163   172   199   409   503   505
   526   532   661   811   815   850   881   883  1085  1202  1248  1301
  1359  1385  1523  1644  1655  1662  1700  1718  1816  1879  1942  1950
  2028  2030  2036  2042  2055  2178  2196  2275  2665  2672  2683  2687
  2808  2843  2977  3052  3109  3118  3268  3276  3311  3453  3489  3496
  3499  3693  3750  3941  3945  3966  3976  4163  4168  4233  4259  4693
  4866  4922  4963  5030  5137  5171  5194  5250  5265  5281  5292  5302
  5364  5507  5510  5627  5691  5817  5885  5986  6214  6259  6346  6438
  6464  6470  6558  6643  6766  6934  6972  6988  7003  7129  7204  7223
  7231  7278  7292  7302  7329  7387  7457  7503  7569  7579  7752  7769
  7832  8042  8176  8202  8347  8367  8388  8402  8427  8460  8464  8495
  8613  8636  8879  8931  9050  9160  9251  9267  9451  9858  9880  9885
  9913 10001 10036 10043 10081 10093]",[    0     1     2 ... 10278 10279 10280]
"[  107   112   146   164   259   420   485   509   525   574   647   761
   847   851   910   942  1065  1087  1128  1284  1382  1418  1656  1777
  1856  2117  2136  2151  2302  2367  2393  2415  2455  2512  2637  2790
  2805  2904  3014  3031  3043  3155  3174  3214  3326  3394  3568  3614
  3925  4014  4042  4322  4340  4463  4518  4637  4665  4685  4696  4723
  4751  4847  4869  4879  4917  4937  5055  5085  5132  5182  5262  5300
  5345  5348  5508  5535  5582  5603  5639  5873  5933  5934  5989  6013
  6058  6116  6122  6151  6263  6371  6706  6732  6744  6773  6886  6922
  6981  7156  7181  7215  7326  7530  7579  7615  7660  7678  7741  7743
  7809  7811  7913  7929  7985  8161  8165  8222  8260  8263  8357  8390
  8495  8577  8595  8617  8625  8685  8722  8728  8740  8754  8771  8845
  9016  9090  9147  9269  9311  9330  9339  9469  9478  9506  9580  9628
  9643  9865 10032 10041 10204 10267]","[  107   112   146   164   259   420   485   509   525   574   647   761
   847   851   910   942  1065  1087  1128  1284  1382  1418  1656  1777
  1856  2117  2136  2151  2302  2367  2393  2415  2455  2512  2637  2790
  2805  2904  3014  3031  3043  3155  3174  3214  3326  3394  3568  3614
  3925  4014  4042  4322  4340  4463  4518  4637  4665  4685  4696  4723
  4751  4847  4869  4879  4917  4937  5055  5085  5132  5182  5262  5300
  5345  5348  5508  5535  5582  5603  5639  5873  5933  5934  5989  6013
  6058  6116  6122  6151  6263  6371  6706  6732  6744  6773  6886  6922
  6981  7156  7181  7215  7326  7530  7579  7615  7660  7678  7741  7743
  7809  7811  7913  7929  7985  8161  8165  8222  8260  8263  8357  8390
  8495  8577  8595  8617  8625  8685  8722  8728  8740  8754  8771  8845
  9016  9090  9147  9269  9311  9330  9339  9469  9478  9506  9580  9628
  9643  9865 10032 10041 10204 10267]",[    0     1     3 ... 10278 10279 10280]
"[  104   174   205   220   223   234   349   440   454   462   664   770
   774   804  1024  1029  1070  1229  1330  1382  1493  1536  1546  1555
  1562  1581  1639  1642  1647  1660  1667  1770  1808  1821  1853  2056
  2157  2220  2317  2483  2567  2585  2634  2696  2704  2709  2829  3005
  3102  3161  3196  3232  3492  3565  3566  3598  3771  3823  3953  4019
  4088  4192  4197  4303  4371  4457  4477  4550  4598  4627  4646  4739
  4760  4923  4924  4926  4949  5189  5192  5324  5330  5347  5374  5433
  5511  5512  5572  5620  5833  5937  6066  6293  6352  6464  6472  6505
  6523  6624  6629  6658  6773  6794  6891  7430  7524  7560  7563  7777
  7800  7869  8018  8039  8112  8212  8269  8342  8382  8399  8418  8460
  8642  8730  8798  8882  8997  9271  9299  9307  9331  9366  9389  9392
  9409  9468  9489  9508  9542  9669  9694  9697  9713  9844  9850 10006
 10014 10053 10085 10170 10245 10280]","[  104   174   205   220   223   234   349   440   454   462   664   770
   774   804  1024  1029  1070  1229  1330  1382  1493  1536  1546  1555
  1562  1581  1639  1642  1647  1660  1667  1770  1808  1821  1853  2056
  2157  2220  2317  2483  2567  2585  2634  2696  2704  2709  2829  3005
  3102  3161  3196  3232  3492  3565  3566  3598  3771  3823  3953  4019
  4088  4192  4197  4303  4371  4457  4477  4550  4598  4627  4646  4739
  4760  4923  4924  4926  4949  5189  5192  5324  5330  5347  5374  5433
  5511  5512  5572  5620  5833  5937  6066  6293  6352  6464  6472  6505
  6523  6624  6629  6658  6773  6794  6891  7430  7524  7560  7563  7777
  7800  7869  8018  8039  8112  8212  8269  8342  8382  8399  8418  8460
  8642  8730  8798  8882  8997  9271  9299  9307  9331  9366  9389  9392
  9409  9468  9489  9508  9542  9669  9694  9697  9713  9844  9850 10006
 10014 10053 10085 10170 10245 10280]",[    0     1     3 ... 10277 10278 10279]
"[  179   367   442   573   725   769   818   872   924   983  1089  1149
  1151  1219  1301  1337  1421  1444  1463  1544  1579  1624  1628  1680
  1745  1817  1821  1823  1850  1904  2062  2069  2101  2135  2142  2161
  2289  2334  2456  2489  2549  2679  2832  3008  3058  3120  3227  3281
  3410  3427  3436  3469  3555  3574  3613  3765  3806  3818  3850  3879
  3929  4001  4029  4120  4334  4473  4478  4480  4581  4588  4591  4604
  4689  4738  4895  4898  5008  5020  5024  5063  5066  5151  5161  5224
  5312  5370  5408  5471  5498  5501  5521  5709  5750  5926  5956  6007
  6163  6215  6241  6410  6453  6546  6551  6825  7018  7082  7117  7252
  7340  7343  7581  7621  7650  7797  7843  8001  8042  8130  8136  8189
  8279  8307  8312  8383  8475  8601  8620  8656  8746  8913  9176  9177
  9241  9287  9305  9354  9467  9545  9546  9723  9733  9794  9882  9895
  9972 10002 10034 10112 10125 10261]","[  179   367   442   573   725   769   818   872   924   983  1089  1149
  1151  1219  1301  1337  1421  1444  1463  1544  1579  1624  1628  1680
  1745  1817  1821  1823  1850  1904  2062  2069  2101  2135  2142  2161
  2289  2334  2456  2489  2549  2679  2832  3008  3058  3120  3227  3281
  3410  3427  3436  3469  3555  3574  3613  3765  3806  3818  3850  3879
  3929  4001  4029  4120  4334  4473  4478  4480  4581  4588  4591  4604
  4689  4738  4895  4898  5008  5020  5024  5063  5066  5151  5161  5224
  5312  5370  5408  5471  5498  5501  5521  5709  5750  5926  5956  6007
  6163  6215  6241  6410  6453  6546  6551  6825  7018  7082  7117  7252
  7340  7343  7581  7621  7650  7797  7843  8001  8042  8130  8136  8189
  8279  8307  8312  8383  8475  8601  8620  8656  8746  8913  9176  9177
  9241  9287  9305  9354  9467  9545  9546  9723  9733  9794  9882  9895
  9972 10002 10034 10112 10125 10261]",[    0     1     3 ... 10277 10278 10279]
"[   50    95   437   468   540   593   609   671   734   809  1098  1140
  1154  1230  1295  1298  1405  1760  1819  1825  1865  1965  1971  2049
  2057  2111  2162  2306  2321  2410  2447  2493  2530  2564  2565  2570
  2673  2678  3153  3179  3227  3277  3284  3300  3329  3437  3461  3583
  3586  3736  3775  3803  3896  4063  4203  4260  4387  4495  4519  4521
  4596  4660  4793  4797  4839  4853  4891  4900  5092  5127  5130  5223
  5269  5282  5316  5367  5387  5478  5508  5826  5865  5908  5909  5963
  5971  6050  6066  6074  6116  6154  6186  6449  6506  6669  6675  6703
  6704  6744  6757  6769  6785  6828  6850  6906  6908  6982  6999  7083
  7201  7281  7373  7389  7472  7562  7613  7706  7707  7770  7802  7845
  7873  7904  8024  8080  8114  8140  8154  8257  8281  8433  8476  8613
  8669  8831  9085  9315  9353  9403  9532  9593  9618  9649  9664  9802
  9866  9882  9926  9966  9986 10101]","[   50    95   437   468   540   593   609   671   734   809  1098  1140
  1154  1230  1295  1298  1405  1760  1819  1825  1865  1965  1971  2049
  2057  2111  2162  2306  2321  2410  2447  2493  2530  2564  2565  2570
  2673  2678  3153  3179  3227  3277  3284  3300  3329  3437  3461  3583
  3586  3736  3775  3803  3896  4063  4203  4260  4387  4495  4519  4521
  4596  4660  4793  4797  4839  4853  4891  4900  5092  5127  5130  5223
  5269  5282  5316  5367  5387  5478  5508  5826  5865  5908  5909  5963
  5971  6050  6066  6074  6116  6154  6186  6449  6506  6669  6675  6703
  6704  6744  6757  6769  6785  6828  6850  6906  6908  6982  6999  7083
  7201  7281  7373  7389  7472  7562  7613  7706  7707  7770  7802  7845
  7873  7904  8024  8080  8114  8140  8154  8257  8281  8433  8476  8613
  8669  8831  9085  9315  9353  9403  9532  9593  9618  9649  9664  9802
  9866  9882  9926  9966  9986 10101]",[    0     1     3 ... 10277 10278 10280]
"[   16    99   119   120   131   163   171   239   351   358   360   361
   380   396   442   589   609   703   733   771   785   804   810   982
  1079  1095  1202  1209  1234  1248  1268  1450  1555  1606  1712  1764
  1766  1895  2229  2417  2441  2533  2641  2729  2755  2785  2802  2810
  2875  3112  3139  3215  3231  3366  3376  3421  3453  3457  3538  3563
  3652  3710  3748  3755  3758  3875  3957  3963  4187  4252  4297  4358
  4410  4451  4603  4609  4794  4822  4967  5059  5133  5165  5309  5364
  5420  5499  5718  5785  5939  5982  6117  6193  6216  6221  6276  6295
  6348  6353  6361  6374  6391  6404  6409  6466  6587  6604  6644  6669
  6729  6770  6799  6841  6868  6875  6969  7070  7118  7196  7285  7338
  7463  7486  7503  7518  7613  7943  7952  8055  8163  8195  8202  8255
  8282  8354  8544  8744  8849  9052  9135  9156  9605  9625  9686  9772
  9850  9941 10001 10064 10070 10221]","[   16    99   119   120   131   163   171   239   351   358   360   361
   380   396   442   589   609   703   733   771   785   804   810   982
  1079  1095  1202  1209  1234  1248  1268  1450  1555  1606  1712  1764
  1766  1895  2229  2417  2441  2533  2641  2729  2755  2785  2802  2810
  2875  3112  3139  3215  3231  3366  3376  3421  3453  3457  3538  3563
  3652  3710  3748  3755  3758  3875  3957  3963  4187  4252  4297  4358
  4410  4451  4603  4609  4794  4822  4967  5059  5133  5165  5309  5364
  5420  5499  5718  5785  5939  5982  6117  6193  6216  6221  6276  6295
  6348  6353  6361  6374  6391  6404  6409  6466  6587  6604  6644  6669
  6729  6770  6799  6841  6868  6875  6969  7070  7118  7196  7285  7338
  7463  7486  7503  7518  7613  7943  7952  8055  8163  8195  8202  8255
  8282  8354  8544  8744  8849  9052  9135  9156  9605  9625  9686  9772
  9850  9941 10001 10064 10070 10221]",[    2     4     6 ... 10276 10278 10280]
"[    8    19    30    39   249   413   490   562   641   737   792   796
   831   991  1026  1129  1169  1183  1194  1290  1406  1450  1516  1521
  1613  1772  1777  1915  2001  2005  2036  2042  2322  2355  2437  2444
  2731  2744  2879  2889  2915  2953  3189  3273  3335  3534  3682  3685
  3781  3849  3909  4020  4038  4048  4098  4126  4180  4200  4221  4278
  4424  4468  4491  4494  4503  4611  4682  4901  4937  4975  5033  5096
  5161  5162  5167  5226  5316  5389  5526  5574  5606  5627  5632  5707
  5723  5818  5889  5906  5911  6062  6149  6155  6204  6267  6300  6365
  6409  6503  6725  6744  6847  6851  7225  7254  7304  7320  7444  7482
  7500  7523  7565  7596  7654  7671  7706  7802  7821  7950  7960  8182
  8189  8275  8312  8337  8466  8486  8549  8567  8597  8649  8657  8792
  8853  8857  8865  8962  9005  9069  9080  9185  9194  9242  9413  9593
  9874 10058 10105 10123 10147 10172]","[    8    19    30    39   249   413   490   562   641   737   792   796
   831   991  1026  1129  1169  1183  1194  1290  1406  1450  1516  1521
  1613  1772  1777  1915  2001  2005  2036  2042  2322  2355  2437  2444
  2731  2744  2879  2889  2915  2953  3189  3273  3335  3534  3682  3685
  3781  3849  3909  4020  4038  4048  4098  4126  4180  4200  4221  4278
  4424  4468  4491  4494  4503  4611  4682  4901  4937  4975  5033  5096
  5161  5162  5167  5226  5316  5389  5526  5574  5606  5627  5632  5707
  5723  5818  5889  5906  5911  6062  6149  6155  6204  6267  6300  6365
  6409  6503  6725  6744  6847  6851  7225  7254  7304  7320  7444  7482
  7500  7523  7565  7596  7654  7671  7706  7802  7821  7950  7960  8182
  8189  8275  8312  8337  8466  8486  8549  8567  8597  8649  8657  8792
  8853  8857  8865  8962  9005  9069  9080  9185  9194  9242  9413  9593
  9874 10058 10105 10123 10147 10172]",[    0     1     2 ... 10277 10279 10280]
"[  144   303   360   380   432   465   471   510   703   759   888  1121
  1199  1240  1335  1431  1484  1487  1528  1539  1706  1902  2081  2107
  2183  2375  2423  2508  2526  2531  2568  2589  2623  2682  2685  2720
  2864  3024  3031  3088  3154  3332  3451  3495  3501  3510  3518  3663
  3664  3733  3742  3750  3785  3849  3881  3985  4024  4191  4203  4216
  4326  4341  4548  4553  4637  4661  4849  4896  5001  5089  5096  5104
  5185  5332  5416  5529  5550  5554  5581  5655  5677  5709  5728  5948
  5983  6015  6027  6112  6136  6220  6264  6354  6439  6564  6687  6709
  6758  6761  6824  7100  7194  7207  7276  7316  7325  7353  7414  7495
  7659  7679  7840  7873  7906  8032  8121  8146  8156  8169  8203  8264
  8630  8769  8792  8794  8826  8865  8899  8918  8974  8978  9058  9073
  9081  9116  9118  9198  9218  9246  9252  9405  9449  9475  9513  9615
  9622  9694 10013 10020 10180 10222]","[  144   303   360   380   432   465   471   510   703   759   888  1121
  1199  1240  1335  1431  1484  1487  1528  1539  1706  1902  2081  2107
  2183  2375  2423  2508  2526  2531  2568  2589  2623  2682  2685  2720
  2864  3024  3031  3088  3154  3332  3451  3495  3501  3510  3518  3663
  3664  3733  3742  3750  3785  3849  3881  3985  4024  4191  4203  4216
  4326  4341  4548  4553  4637  4661  4849  4896  5001  5089  5096  5104
  5185  5332  5416  5529  5550  5554  5581  5655  5677  5709  5728  5948
  5983  6015  6027  6112  6136  6220  6264  6354  6439  6564  6687  6709
  6758  6761  6824  7100  7194  7207  7276  7316  7325  7353  7414  7495
  7659  7679  7840  7873  7906  8032  8121  8146  8156  8169  8203  8264
  8630  8769  8792  8794  8826  8865  8899  8918  8974  8978  9058  9073
  9081  9116  9118  9198  9218  9246  9252  9405  9449  9475  9513  9615
  9622  9694 10013 10020 10180 10222]",[    0     1     3 ... 10278 10279 10280]
"[   73   130   194   317   320   401   454   477   535   648   685   915
  1009  1048  1146  1161  1222  1393  1518  1592  1657  1777  1808  1859
  1864  1898  1928  1943  2016  2155  2210  2295  2384  2387  2523  2556
  2615  2623  2627  2747  2868  2928  2981  3027  3031  3059  3062  3063
  3148  3153  3158  3235  3334  3429  3471  3503  3576  3581  3609  3621
  3845  3907  3921  3954  3977  3979  4003  4237  4252  4359  4386  4470
  4533  4572  4693  4824  5049  5277  5318  5335  5389  5405  5457  5545
  5613  5694  5847  5984  6006  6160  6293  6339  6346  6436  6574  6585
  6591  6637  6796  6842  6862  6903  6910  6936  7067  7360  7412  7599
  7621  7712  7721  7749  7790  7910  7960  8045  8114  8200  8246  8263
  8300  8336  8375  8468  8587  8702  8724  8851  8933  9054  9093  9115
  9179  9231  9280  9353  9479  9540  9574  9586  9589  9605  9619  9796
  9900 10011 10131 10167 10181 10276]","[   73   130   194   317   320   401   454   477   535   648   685   915
  1009  1048  1146  1161  1222  1393  1518  1592  1657  1777  1808  1859
  1864  1898  1928  1943  2016  2155  2210  2295  2384  2387  2523  2556
  2615  2623  2627  2747  2868  2928  2981  3027  3031  3059  3062  3063
  3148  3153  3158  3235  3334  3429  3471  3503  3576  3581  3609  3621
  3845  3907  3921  3954  3977  3979  4003  4237  4252  4359  4386  4470
  4533  4572  4693  4824  5049  5277  5318  5335  5389  5405  5457  5545
  5613  5694  5847  5984  6006  6160  6293  6339  6346  6436  6574  6585
  6591  6637  6796  6842  6862  6903  6910  6936  7067  7360  7412  7599
  7621  7712  7721  7749  7790  7910  7960  8045  8114  8200  8246  8263
  8300  8336  8375  8468  8587  8702  8724  8851  8933  9054  9093  9115
  9179  9231  9280  9353  9479  9540  9574  9586  9589  9605  9619  9796
  9900 10011 10131 10167 10181 10276]",[    0     1     5 ... 10278 10279 10280]
"[    8   102   122   389   424   442   599   685   709   736   789   802
   860  1188  1359  1382  1389  1447  1508  1777  1793  1992  2007  2018
  2182  2349  2410  2423  2515  2561  2613  2655  2717  2729  2746  2850
  2898  2940  2951  2952  2960  2972  3074  3155  3160  3388  3415  3451
  3492  3554  3661  3733  3850  3864  4043  4135  4246  4269  4275  4406
  4567  4695  4753  4819  4924  5011  5090  5152  5267  5302  5368  5494
  5631  5740  5821  5861  6106  6348  6373  6416  6486  6523  6533  6560
  6582  6668  6723  6864  6901  6933  6938  6995  7045  7069  7105  7122
  7194  7238  7273  7299  7345  7373  7419  7463  7476  7561  7703  7732
  7776  7777  7894  7902  7980  8006  8021  8063  8313  8443  8518  8576
  8766  8790  8830  8897  8898  9064  9068  9089  9099  9155  9201  9378
  9398  9404  9406  9441  9449  9505  9518  9537  9563  9580  9692  9768
  9824  9869  9962 10008 10010 10090]","[    8   102   122   389   424   442   599   685   709   736   789   802
   860  1188  1359  1382  1389  1447  1508  1777  1793  1992  2007  2018
  2182  2349  2410  2423  2515  2561  2613  2655  2717  2729  2746  2850
  2898  2940  2951  2952  2960  2972  3074  3155  3160  3388  3415  3451
  3492  3554  3661  3733  3850  3864  4043  4135  4246  4269  4275  4406
  4567  4695  4753  4819  4924  5011  5090  5152  5267  5302  5368  5494
  5631  5740  5821  5861  6106  6348  6373  6416  6486  6523  6533  6560
  6582  6668  6723  6864  6901  6933  6938  6995  7045  7069  7105  7122
  7194  7238  7273  7299  7345  7373  7419  7463  7476  7561  7703  7732
  7776  7777  7894  7902  7980  8006  8021  8063  8313  8443  8518  8576
  8766  8790  8830  8897  8898  9064  9068  9089  9099  9155  9201  9378
  9398  9404  9406  9441  9449  9505  9518  9537  9563  9580  9692  9768
  9824  9869  9962 10008 10010 10090]",[    0     1     3 ... 10277 10278 10280]
"[   23    67   112   138   277   346   438   442   484   528   591   775
   781   848  1056  1087  1190  1213  1224  1335  1354  1358  1368  1589
  1591  1668  1763  1860  2042  2074  2075  2170  2189  2208  2420  2426
  2514  2524  2545  2645  2722  2917  2939  3016  3032  3044  3056  3080
  3155  3180  3202  3292  3444  3477  3521  3549  3551  3558  3598  3707
  3776  3889  3947  4125  4218  4300  4371  4384  4417  4439  4557  4558
  4668  4683  4838  4874  4904  5027  5221  5249  5273  5293  5311  5316
  5336  5365  5429  5490  5501  5548  5725  5901  5955  6100  6126  6232
  6245  6253  6316  6345  6437  6613  6626  6658  6661  6677  6745  6750
  6820  6827  6862  7110  7242  7288  7310  7329  7377  7494  7647  7905
  7943  8036  8088  8121  8204  8356  8388  8396  8490  8526  8625  8669
  8796  8819  8880  8973  9228  9274  9375  9399  9724  9731  9771  9804
  9810  9936 10094 10167 10179 10233]","[   23    67   112   138   277   346   438   442   484   528   591   775
   781   848  1056  1087  1190  1213  1224  1335  1354  1358  1368  1589
  1591  1668  1763  1860  2042  2074  2075  2170  2189  2208  2420  2426
  2514  2524  2545  2645  2722  2917  2939  3016  3032  3044  3056  3080
  3155  3180  3202  3292  3444  3477  3521  3549  3551  3558  3598  3707
  3776  3889  3947  4125  4218  4300  4371  4384  4417  4439  4557  4558
  4668  4683  4838  4874  4904  5027  5221  5249  5273  5293  5311  5316
  5336  5365  5429  5490  5501  5548  5725  5901  5955  6100  6126  6232
  6245  6253  6316  6345  6437  6613  6626  6658  6661  6677  6745  6750
  6820  6827  6862  7110  7242  7288  7310  7329  7377  7494  7647  7905
  7943  8036  8088  8121  8204  8356  8388  8396  8490  8526  8625  8669
  8796  8819  8880  8973  9228  9274  9375  9399  9724  9731  9771  9804
  9810  9936 10094 10167 10179 10233]",[    0     1     2 ... 10278 10279 10280]
"[  235   253   293   339   359   431   440   459   508   530   561   562
   648   727   728   759   807   814   884   926   970  1039  1186  1190
  1296  1318  1343  1378  1390  1579  1594  1621  1680  1708  1785  1845
  2051  2081  2115  2121  2157  2166  2361  2380  2535  2645  2666  2963
  2968  3129  3281  3345  3660  3661  3689  3928  4180  4287  4301  4363
  4400  4413  4440  4467  4492  4595  4623  4680  4766  4778  4815  5145
  5171  5252  5318  5330  5387  5411  5423  5445  5460  5516  5552  5571
  5595  5642  5759  5938  5941  6020  6137  6138  6201  6217  6374  6624
  6736  6749  6754  6790  6816  7043  7079  7162  7202  7267  7273  7359
  7437  7545  7577  7642  7736  7751  7756  7801  8005  8018  8087  8251
  8366  8429  8564  8596  8665  8699  8722  8727  8889  8938  9122  9127
  9148  9258  9299  9389  9410  9472  9500  9620  9622  9667  9742  9820
  9894  9916 10055 10086 10157 10249]","[  235   253   293   339   359   431   440   459   508   530   561   562
   648   727   728   759   807   814   884   926   970  1039  1186  1190
  1296  1318  1343  1378  1390  1579  1594  1621  1680  1708  1785  1845
  2051  2081  2115  2121  2157  2166  2361  2380  2535  2645  2666  2963
  2968  3129  3281  3345  3660  3661  3689  3928  4180  4287  4301  4363
  4400  4413  4440  4467  4492  4595  4623  4680  4766  4778  4815  5145
  5171  5252  5318  5330  5387  5411  5423  5445  5460  5516  5552  5571
  5595  5642  5759  5938  5941  6020  6137  6138  6201  6217  6374  6624
  6736  6749  6754  6790  6816  7043  7079  7162  7202  7267  7273  7359
  7437  7545  7577  7642  7736  7751  7756  7801  8005  8018  8087  8251
  8366  8429  8564  8596  8665  8699  8722  8727  8889  8938  9122  9127
  9148  9258  9299  9389  9410  9472  9500  9620  9622  9667  9742  9820
  9894  9916 10055 10086 10157 10249]",[    1     2     3 ... 10278 10279 10280]
"[  149   264   284   332   402   444   518   519   581   598   624   697
   710   717   771   803  1001  1044  1102  1365  1444  1637  1691  1722
  1886  1916  2120  2180  2218  2565  2616  2643  2698  2717  2725  3028
  3050  3116  3172  3194  3208  3212  3221  3380  3451  3464  3487  3521
  3568  3684  3744  3810  3838  3844  3982  4055  4102  4184  4450  4475
  4560  4601  4675  4721  4742  4841  4890  4988  5044  5055  5169  5180
  5339  5470  5480  5574  5575  5579  5610  5612  5868  5925  5926  5956
  5977  6003  6024  6061  6085  6149  6198  6230  6241  6285  6298  6347
  6396  6397  6405  6440  6455  6505  6598  6700  6729  6824  6860  6875
  6941  7018  7029  7110  7278  7286  7353  7427  7633  7748  7794  8063
  8077  8101  8125  8182  8306  8377  8407  8443  8450  8558  8617  8711
  8876  9122  9280  9314  9405  9806  9819  9865  9898  9918  9946  9958
  9960 10029 10059 10111 10209 10240]","[  149   264   284   332   402   444   518   519   581   598   624   697
   710   717   771   803  1001  1044  1102  1365  1444  1637  1691  1722
  1886  1916  2120  2180  2218  2565  2616  2643  2698  2717  2725  3028
  3050  3116  3172  3194  3208  3212  3221  3380  3451  3464  3487  3521
  3568  3684  3744  3810  3838  3844  3982  4055  4102  4184  4450  4475
  4560  4601  4675  4721  4742  4841  4890  4988  5044  5055  5169  5180
  5339  5470  5480  5574  5575  5579  5610  5612  5868  5925  5926  5956
  5977  6003  6024  6061  6085  6149  6198  6230  6241  6285  6298  6347
  6396  6397  6405  6440  6455  6505  6598  6700  6729  6824  6860  6875
  6941  7018  7029  7110  7278  7286  7353  7427  7633  7748  7794  8063
  8077  8101  8125  8182  8306  8377  8407  8443  8450  8558  8617  8711
  8876  9122  9280  9314  9405  9806  9819  9865  9898  9918  9946  9958
  9960 10029 10059 10111 10209 10240]",[    1     2     3 ... 10277 10278 10279]
"[  151   205   312   335   474   483   485   683   748   767   837   845
   899   931   995  1005  1023  1105  1133  1441  1593  1646  1889  1930
  1996  2053  2057  2061  2128  2281  2328  2358  2398  2509  2549  2605
  2607  2748  2753  2877  2982  3009  3075  3107  3172  3278  3293  3348
  3438  3483  3527  3531  3537  3599  3600  3740  3846  3901  3944  4101
  4336  4373  4472  4567  4575  4595  4654  4715  4767  4777  4788  4799
  4813  4846  5106  5125  5127  5263  5357  5584  5619  5686  5715  5721
  5739  5767  5779  5845  5906  6008  6068  6092  6102  6143  6153  6157
  6185  6231  6312  6443  6547  6626  6637  6839  6866  6872  6911  6914
  6955  6963  7051  7227  7271  7309  7521  7611  7675  7810  7910  8071
  8177  8180  8317  8326  8405  8475  8585  8792  8901  9001  9014  9167
  9244  9253  9261  9343  9366  9388  9391  9515  9611  9702  9767  9933
  9964 10071 10102 10141 10187 10219]","[  151   205   312   335   474   483   485   683   748   767   837   845
   899   931   995  1005  1023  1105  1133  1441  1593  1646  1889  1930
  1996  2053  2057  2061  2128  2281  2328  2358  2398  2509  2549  2605
  2607  2748  2753  2877  2982  3009  3075  3107  3172  3278  3293  3348
  3438  3483  3527  3531  3537  3599  3600  3740  3846  3901  3944  4101
  4336  4373  4472  4567  4575  4595  4654  4715  4767  4777  4788  4799
  4813  4846  5106  5125  5127  5263  5357  5584  5619  5686  5715  5721
  5739  5767  5779  5845  5906  6008  6068  6092  6102  6143  6153  6157
  6185  6231  6312  6443  6547  6626  6637  6839  6866  6872  6911  6914
  6955  6963  7051  7227  7271  7309  7521  7611  7675  7810  7910  8071
  8177  8180  8317  8326  8405  8475  8585  8792  8901  9001  9014  9167
  9244  9253  9261  9343  9366  9388  9391  9515  9611  9702  9767  9933
  9964 10071 10102 10141 10187 10219]",[    1     2     3 ... 10277 10278 10280]
"[   58    79    81   165   394   684   861   908   915   937   954  1120
  1165  1200  1386  1447  1462  1472  1553  1649  1813  1909  1936  1937
  1968  2005  2021  2052  2084  2243  2391  2553  2562  2656  2708  2765
  2778  2806  2860  2875  2954  3017  3082  3189  3192  3246  3336  3449
  3465  3487  3747  3947  3959  4153  4220  4221  4231  4276  4320  4422
  4427  4484  4551  4603  4709  4777  4870  4899  4959  5041  5087  5202
  5301  5353  5369  5497  5563  5571  5576  5583  5727  5748  5890  5968
  5976  6130  6221  6257  6366  6481  6497  6575  6725  6739  6828  6874
  7061  7075  7081  7098  7124  7157  7184  7186  7202  7212  7438  7439
  7514  7551  7562  7575  7697  7705  7805  7991  8007  8050  8104  8197
  8220  8287  8356  8423  8492  8506  8529  8567  8577  8682  8689  8732
  9057  9108  9114  9130  9137  9186  9306  9355  9410  9434  9561  9791
  9803  9932 10040 10052 10130 10268]","[   58    79    81   165   394   684   861   908   915   937   954  1120
  1165  1200  1386  1447  1462  1472  1553  1649  1813  1909  1936  1937
  1968  2005  2021  2052  2084  2243  2391  2553  2562  2656  2708  2765
  2778  2806  2860  2875  2954  3017  3082  3189  3192  3246  3336  3449
  3465  3487  3747  3947  3959  4153  4220  4221  4231  4276  4320  4422
  4427  4484  4551  4603  4709  4777  4870  4899  4959  5041  5087  5202
  5301  5353  5369  5497  5563  5571  5576  5583  5727  5748  5890  5968
  5976  6130  6221  6257  6366  6481  6497  6575  6725  6739  6828  6874
  7061  7075  7081  7098  7124  7157  7184  7186  7202  7212  7438  7439
  7514  7551  7562  7575  7697  7705  7805  7991  8007  8050  8104  8197
  8220  8287  8356  8423  8492  8506  8529  8567  8577  8682  8689  8732
  9057  9108  9114  9130  9137  9186  9306  9355  9410  9434  9561  9791
  9803  9932 10040 10052 10130 10268]",[    0     2     3 ... 10277 10278 10280]
"[  114   147   183   344   395   404   418   509   602   632   638   706
   709   742   788   883   909   958   991  1016  1075  1093  1154  1217
  1255  1288  1363  1655  1687  1715  1736  1767  1800  1842  1908  1968
  2026  2071  2138  2286  2324  2392  2522  2571  2617  2643  2659  2682
  2695  2748  2859  2885  3187  3281  3282  3319  3414  3472  3502  3546
  3586  3748  3809  3874  3962  4244  4268  4299  4367  4437  4468  4480
  4494  4612  4653  4836  4838  4887  4908  5061  5164  5221  5446  5503
  5545  5546  5619  5624  5657  5747  6123  6270  6351  6383  6404  6435
  6557  6616  6624  6636  6713  6788  6794  6873  7024  7105  7110  7121
  7143  7234  7345  7480  7631  7682  7807  7844  7870  7886  7911  7936
  8099  8120  8123  8365  8429  8607  8757  8766  8829  9095  9105  9173
  9180  9251  9273  9333  9458  9534  9579  9663  9735  9788  9861  9924
  9931 10070 10072 10096 10108 10173]","[  114   147   183   344   395   404   418   509   602   632   638   706
   709   742   788   883   909   958   991  1016  1075  1093  1154  1217
  1255  1288  1363  1655  1687  1715  1736  1767  1800  1842  1908  1968
  2026  2071  2138  2286  2324  2392  2522  2571  2617  2643  2659  2682
  2695  2748  2859  2885  3187  3281  3282  3319  3414  3472  3502  3546
  3586  3748  3809  3874  3962  4244  4268  4299  4367  4437  4468  4480
  4494  4612  4653  4836  4838  4887  4908  5061  5164  5221  5446  5503
  5545  5546  5619  5624  5657  5747  6123  6270  6351  6383  6404  6435
  6557  6616  6624  6636  6713  6788  6794  6873  7024  7105  7110  7121
  7143  7234  7345  7480  7631  7682  7807  7844  7870  7886  7911  7936
  8099  8120  8123  8365  8429  8607  8757  8766  8829  9095  9105  9173
  9180  9251  9273  9333  9458  9534  9579  9663  9735  9788  9861  9924
  9931 10070 10072 10096 10108 10173]",[    0     1     4 ... 10278 10279 10280]
"[   66   119   174   196   244   419   430   478   500   546   586   604
   625   667   711   719   753   894   941   961  1140  1185  1399  1407
  1511  1540  1547  1622  1664  1801  1845  1862  1909  1966  1969  2077
  2079  2083  2130  2184  2211  2278  2343  2347  2407  2447  2565  2706
  2727  2741  2763  2841  2865  2935  3023  3073  3263  3435  3460  3512
  3519  3853  4080  4082  4250  4354  4374  4560  4783  4825  4892  4902
  4973  4985  5024  5044  5077  5165  5282  5301  5304  5316  5347  5383
  5587  5632  5682  5750  5773  5861  5995  6233  6290  6353  6379  6386
  6473  6552  6590  6600  6605  6651  6988  7039  7124  7134  7267  7294
  7351  7374  7395  7583  7630  7647  7887  7891  7998  8004  8321  8335
  8380  8385  8454  8535  8634  8639  8705  8741  8761  8767  8812  8826
  8870  8894  8996  9164  9172  9210  9231  9265  9312  9426  9468  9667
  9708  9737  9838 10158 10203 10216]","[   66   119   174   196   244   419   430   478   500   546   586   604
   625   667   711   719   753   894   941   961  1140  1185  1399  1407
  1511  1540  1547  1622  1664  1801  1845  1862  1909  1966  1969  2077
  2079  2083  2130  2184  2211  2278  2343  2347  2407  2447  2565  2706
  2727  2741  2763  2841  2865  2935  3023  3073  3263  3435  3460  3512
  3519  3853  4080  4082  4250  4354  4374  4560  4783  4825  4892  4902
  4973  4985  5024  5044  5077  5165  5282  5301  5304  5316  5347  5383
  5587  5632  5682  5750  5773  5861  5995  6233  6290  6353  6379  6386
  6473  6552  6590  6600  6605  6651  6988  7039  7124  7134  7267  7294
  7351  7374  7395  7583  7630  7647  7887  7891  7998  8004  8321  8335
  8380  8385  8454  8535  8634  8639  8705  8741  8761  8767  8812  8826
  8870  8894  8996  9164  9172  9210  9231  9265  9312  9426  9468  9667
  9708  9737  9838 10158 10203 10216]",[    0     1     2 ... 10278 10279 10280]
"[  129   134   282   359   385   578   677   853   861   909   935   941
  1016  1114  1144  1257  1479  1557  1589  1647  2005  2012  2020  2060
  2069  2196  2250  2266  2441  2505  2528  2702  2753  2786  2835  3134
  3227  3282  3332  3417  3489  3540  3578  3759  3838  3958  4009  4012
  4029  4127  4146  4195  4196  4264  4312  4396  4424  4432  4446  4450
  4574  4631  4690  4740  4808  4834  4882  4897  4912  5039  5046  5091
  5132  5223  5333  5463  5476  5511  5668  5734  5784  5900  6119  6184
  6186  6282  6333  6404  6411  6567  6576  6594  6660  6689  6704  6809
  6940  6964  6975  6976  7056  7113  7131  7240  7401  7758  7778  7822
  7826  7858  7895  7972  8012  8016  8188  8304  8361  8413  8435  8472
  8489  8547  8604  8625  8697  8765  8887  9002  9026  9100  9104  9233
  9305  9334  9345  9387  9507  9573  9620  9759  9795  9823  9833  9842
  9862  9942  9983 10075 10231 10268]","[  129   134   282   359   385   578   677   853   861   909   935   941
  1016  1114  1144  1257  1479  1557  1589  1647  2005  2012  2020  2060
  2069  2196  2250  2266  2441  2505  2528  2702  2753  2786  2835  3134
  3227  3282  3332  3417  3489  3540  3578  3759  3838  3958  4009  4012
  4029  4127  4146  4195  4196  4264  4312  4396  4424  4432  4446  4450
  4574  4631  4690  4740  4808  4834  4882  4897  4912  5039  5046  5091
  5132  5223  5333  5463  5476  5511  5668  5734  5784  5900  6119  6184
  6186  6282  6333  6404  6411  6567  6576  6594  6660  6689  6704  6809
  6940  6964  6975  6976  7056  7113  7131  7240  7401  7758  7778  7822
  7826  7858  7895  7972  8012  8016  8188  8304  8361  8413  8435  8472
  8489  8547  8604  8625  8697  8765  8887  9002  9026  9100  9104  9233
  9305  9334  9345  9387  9507  9573  9620  9759  9795  9823  9833  9842
  9862  9942  9983 10075 10231 10268]",[    0     1     3 ... 10277 10279 10280]
